,0,0,0,0,0
0,近西門站台北車站台北租週租好選擇優選好屋,雅房 12坪 2F/14F,中正區-衡陽路51號,距西門站387公尺,6500
1,台北補習班近鄰、鬧中取靜雅房出租,雅房 8坪 3F/4F,中正區-懷寧街,距台北車站363公尺,9000
2,台北車站前新光三越旁便宜優質雅房,雅房 3坪 3F/5F,中正區-懷寧街,距台北車站363公尺,5500
3,南京復興站6分，近台北大學，限女性,雅房 6坪 4F/4F,中山區-龍江路,距南京復興站517公尺,8999
4,台北市中山區松江路靜巷優雅雅房出租優選好屋,雅房 8坪 5F/6F,中山區-松江路64巷12號,距松江南京362公尺,6000
5,台北市中山區松江路靜巷優雅雅房出租,雅房 6坪 5F/6F,中山區-松江路64巷12號,距松江南京362公尺,5500
6,近台北車站電梯大樓雅房出租,雅房 3坪 5F/7F,中正區-懷寧街42號,距台北車站372公尺,6500
7,有巢氏八德復興:~台北大學旁的方便住宿~優選好屋,雅房 5坪 2F/4F,中山區-龍江路257巷,距中山國中站304公尺,7500
8,台北信義世貿101～電梯大窗雅房優選好屋,雅房 7坪 8F/8F,信義區-基隆路二段52號,距台北101/世貿站478公尺,10000
9,台北科大對面捷運忠孝新生溫馨雅房,雅房 6坪 5F/7F,中正區-新生北路一段5巷,距忠孝新生站344公尺,8500
10,免押金包水電包網路，台北車站旁交通便利。,雅房 2坪 B1/9F,中正區-南陽街13號,距台北車站129公尺,8000
11,台北市-大安區3分鐘六張黎捷運站～優選好屋,雅房 8坪 12F/12F,大安區-基隆路二段180號,距六張犁站116公尺,13000
12,台北東區(可短租)忠孝復興電梯套房優選好屋,雅房 5坪 8F/14F,大安區-忠孝東路三段236號,距忠孝復興站368公尺,14000
13,台北車站M8包水電網路男女獨立優選好屋,雅房 8坪 3F/3F,中正區-南陽街17巷1號,距台北車站258公尺,6800
14,台北車站前雅房出租,雅房 3坪 5F/5F,中正區-公園路20巷4號,距台北車站139公尺,5700
15,雙捷運紅藍線台北車站--便宜雅房,雅房 6坪 3F/4F,中正區-南陽街,距台大醫院站302公尺,5800
16,近西門町台北車站經濟合宿短租月租,雅房 7坪 2F/7F,中正區-延平南路21號,距北門站387公尺,6600
17,【台北車站特區】京站旁～電梯五星雅房限男優選好屋,雅房 5坪 8F/12F,大同區-承德路一段51號,距中山站321公尺,7500
18,短租台北車站1分日式膠囊旅館隱私佳,雅房 1.5坪 B1/16F,中正區-青島西路,距台北車站137公尺,6600
19,民生東路寧近巷內，近傳統市場及台北大學,雅房 4.5坪 5F/5F,中山區-合江街61巷31號,距中山國中站565公尺,6000
20,合江優質雅房台北大學旁(磚牆隔間),雅房 5坪 2F/4F,中山區-合江街94巷,距行天宮站628公尺,7900
21,中山捷運台北車站5分鐘大中小雅房5仟起,雅房 3坪 3F/4F,大同區-太原路66號,距台北車站站364公尺,5000
22,台北市中山區透天別緻雅房5坪,雅房 6坪 1F/2F,中山區-南京東路一段136巷24號,距松江南京570公尺,5000
23,台北市-松山區.鄰中山區.獨立陽台雅房優選好屋,雅房 10坪 4F/4F,松山區-民族東路,距松山機場站2號出口452公尺,12300
24,快樂台北月租公寓/包電/士林夜市/士林站優選好屋,雅房 12坪 2F/5F,士林區-小北街,距士林站354公尺,6000
25,台北內湖-近饒河夜市、松山捷運、內湖賣場,雅房 5坪 1F/1F,內湖區-新明路380巷3弄2號,距松山站639公尺,5000
26,樂趣台北/宿舍/月租/包水電/劍潭站優選好屋,雅房 8坪 5F/7F,士林區-文林路,距劍潭站237公尺,4500
27,台北101雅房限女性優選好屋,雅房 6坪 12F/12F,信義區-基隆路一段380巷,距台北101/世貿站428公尺,6500
28,西門捷運/東吳大學/家樂福/台北市立大學優選好屋,雅房 6坪 4F/5F,萬華區-西寧南路,距西門站403公尺,5500
29,台北旅居短住，宿舍雅房包月5500元起!,雅房 6坪 2F/4F,大同區-昌吉街1號,距民權西路站391公尺,5500
30,台北市中正區月租雅房,雅房 5坪 2F/12F,中正區-和平西路一段,距中正紀念堂站670公尺,6000
31,近台北橋頭，近台北橋站，三重國小捷運站,雅房 8坪 4F/5F,三重區-長壽街182號,距三重國小站709公尺,8000
32,溫馨雅房-台北橋騎車1分鐘，近台北火車站,雅房 4坪 5F/5F,三重區-龍濱路219巷,距三重國小站549公尺,5200
33,北科/中山女高/遼寧(套房、雅房),雅房 2坪 4F/4F,中山區-長安東路二段148號,距松江南京608公尺,6000
34,信義區分租雅房.六張犁捷運站步行四分鐘,雅房 6坪 3F/7F,信義區-和平東路三段,距六張犁站185公尺,12800
35,忠孝新生1分鐘*大使用空間雅房優選好屋,雅房 6坪 2F/5F,中正區-臨沂街13巷,距忠孝新生站211公尺,11000
36,共生公寓捷運行天宮站2min,雅房 5坪 3F/4F,中山區-松江路226巷,距行天宮站222公尺,13500
37,"💗龍江路的雅房.有對外窗,限女性💗",雅房 6坪 4F/4F,中山區-龍江路,距南京復興站517公尺,9000
38,❤南京復興捷運❤超值美居❤限女性,雅房 6坪 4F/4F,中山區-龍江路,距南京復興站517公尺,9000
39,近南京東路捷運生活便利,雅房 4坪 2F/2F,中山區-龍江路149巷3號,距南京復興站351公尺,8000
40,松江路溫馨雅房.捷運站5分鐘.採光佳優選好屋,雅房 7坪 4F/4F,中山區-松江路100巷,距松江南京363公尺,9000
41,松山新店線，文湖線兩捷運，南京復興站優選好屋,雅房 5坪 3F/4F,中山區-遼寧街101巷2弄12號,距南京復興站254公尺,7500
42,東門捷運站.中正學區鬧中取靜近大安公園,雅房 5.5坪 3F/4F,中正區-臨沂街63巷,距東門站268公尺,6800
43,小巨蛋雙捷運雅房分租(限男正職)優選好屋,雅房 7坪 4F/4F,松山區-八德路二段437巷10弄17號,距南京復興站421公尺,8500
44,交通便利環境優,雅房 5坪 5F/5F,中山區-松江路25巷,距忠孝新生站446公尺,7000
45,平價雅房(有窗)近捷運、有電梯、包水電,雅房 1.5坪 10F/12F,中山區-復興北路,距南京復興站153公尺,6500
46,北科大商大走路5分鐘,雅房 5坪 3F/5F,中正區-臨沂街24巷3號,距忠孝新生站392公尺,7000
47,♡鉑斯♡松江南京♡專屬女生♡包水電♡電梯,雅房 8坪 5F/7F,中山區-松江路90巷,距松江南京313公尺,14000
48,行天宮中廣旁松江路德惠街口(限女性),雅房 5坪 3F/4F,中山區-松江路,距行天宮站657公尺,7500
49,大安遠企樂利雅房優選好屋,雅房 5坪 3F/5F,大安區-樂利路5巷,距信義安和站504公尺,6500
50,單純乾淨安靜房間放出,雅房 6坪 8F/12F,信義區-基隆路二段22號,距台北101/世貿站428公尺,6500
51,菁華地段交通便利~靜巷雅房,雅房 5坪 2F/4F,中正區-臨沂街61巷,距東門站333公尺,5200
52,"超大雅房出租,只有二間雅房共用一衛浴",雅房 10坪 5F/7F,中山區-松江路90巷17號,距松江南京275公尺,14000
53,基隆路儲物空間或雅房限女性2500,雅房 1坪 1F/5F,信義區-基隆路二段,距台北101/世貿站514公尺,2500
54,忠孝新生捷運優質高檔套房限女性,雅房 3坪 2F/3F,中正區-臨沂街3巷,距忠孝新生站178公尺,10000
55,松江南京站3號出口(近長安東路),雅房 4坪 2F/5F,中山區-松江路64巷,距松江南京306公尺,6500
56,南京復興捷運站附近,雅房 3坪 1F/6F,中山區-遼寧街201巷30號,距南京復興站186公尺,6000
57,台大醫院，中正紀念堂分租雅房出租,雅房 6坪 7F/7F,中正區-林森南路59號,距善導寺站564公尺,10000
58,南京復興站電梯邊間明亮雅房#限女性,雅房 9坪 3F/6F,中山區-龍江路,距南京復興站582公尺,9200
59,松江南京站/獨立陽台.水電全包.女生雅房,雅房 10坪 5F/7F,中山區-松江路90巷,距松江南京275公尺,13999
60,台北市中正區月租雅房,雅房 5坪 2F/12F,中正區-和平西路一段,距中正紀念堂站670公尺,6000
61,近台北橋頭，近台北橋站，三重國小捷運站,雅房 8坪 4F/5F,三重區-長壽街182號,距三重國小站709公尺,8000
62,溫馨雅房-台北橋騎車1分鐘，近台北火車站,雅房 4坪 5F/5F,三重區-龍濱路219巷,距三重國小站549公尺,5200
63,北科/中山女高/遼寧(套房、雅房),雅房 2坪 4F/4F,中山區-長安東路二段148號,距松江南京608公尺,6000
64,信義區分租雅房.六張犁捷運站步行四分鐘,雅房 6坪 3F/7F,信義區-和平東路三段,距六張犁站185公尺,12800
65,忠孝新生1分鐘*大使用空間雅房優選好屋,雅房 6坪 2F/5F,中正區-臨沂街13巷,距忠孝新生站211公尺,11000
66,共生公寓捷運行天宮站2min,雅房 5坪 3F/4F,中山區-松江路226巷,距行天宮站222公尺,13500
67,"💗龍江路的雅房.有對外窗,限女性💗",雅房 6坪 4F/4F,中山區-龍江路,距南京復興站517公尺,9000
68,❤南京復興捷運❤超值美居❤限女性,雅房 6坪 4F/4F,中山區-龍江路,距南京復興站517公尺,9000
69,近南京東路捷運生活便利,雅房 4坪 2F/2F,中山區-龍江路149巷3號,距南京復興站351公尺,8000
70,松江路溫馨雅房.捷運站5分鐘.採光佳優選好屋,雅房 7坪 4F/4F,中山區-松江路100巷,距松江南京363公尺,9000
71,松山新店線，文湖線兩捷運，南京復興站優選好屋,雅房 5坪 3F/4F,中山區-遼寧街101巷2弄12號,距南京復興站254公尺,7500
72,東門捷運站.中正學區鬧中取靜近大安公園,雅房 5.5坪 3F/4F,中正區-臨沂街63巷,距東門站268公尺,6800
73,小巨蛋雙捷運雅房分租(限男正職)優選好屋,雅房 7坪 4F/4F,松山區-八德路二段437巷10弄17號,距南京復興站421公尺,8500
74,交通便利環境優,雅房 5坪 5F/5F,中山區-松江路25巷,距忠孝新生站446公尺,7000
75,平價雅房(有窗)近捷運、有電梯、包水電,雅房 1.5坪 10F/12F,中山區-復興北路,距南京復興站153公尺,6500
76,北科大商大走路5分鐘,雅房 5坪 3F/5F,中正區-臨沂街24巷3號,距忠孝新生站392公尺,7000
77,♡鉑斯♡松江南京♡專屬女生♡包水電♡電梯,雅房 8坪 5F/7F,中山區-松江路90巷,距松江南京313公尺,14000
78,行天宮中廣旁松江路德惠街口(限女性),雅房 5坪 3F/4F,中山區-松江路,距行天宮站657公尺,7500
79,大安遠企樂利雅房優選好屋,雅房 5坪 3F/5F,大安區-樂利路5巷,距信義安和站504公尺,6500
80,單純乾淨安靜房間放出,雅房 6坪 8F/12F,信義區-基隆路二段22號,距台北101/世貿站428公尺,6500
81,菁華地段交通便利~靜巷雅房,雅房 5坪 2F/4F,中正區-臨沂街61巷,距東門站333公尺,5200
82,"超大雅房出租,只有二間雅房共用一衛浴",雅房 10坪 5F/7F,中山區-松江路90巷17號,距松江南京275公尺,14000
83,基隆路儲物空間或雅房限女性2500,雅房 1坪 1F/5F,信義區-基隆路二段,距台北101/世貿站514公尺,2500
84,忠孝新生捷運優質高檔套房限女性,雅房 3坪 2F/3F,中正區-臨沂街3巷,距忠孝新生站178公尺,10000
85,松江南京站3號出口(近長安東路),雅房 4坪 2F/5F,中山區-松江路64巷,距松江南京306公尺,6500
86,南京復興捷運站附近,雅房 3坪 1F/6F,中山區-遼寧街201巷30號,距南京復興站186公尺,6000
87,台大醫院，中正紀念堂分租雅房出租,雅房 6坪 7F/7F,中正區-林森南路59號,距善導寺站564公尺,10000
88,南京復興站電梯邊間明亮雅房#限女性,雅房 9坪 3F/6F,中山區-龍江路,距南京復興站582公尺,9200
89,松江南京站/獨立陽台.水電全包.女生雅房,雅房 10坪 5F/7F,中山區-松江路90巷,距松江南京275公尺,13999
90,雅房出租.近北醫.女性佳.尚有2間,雅房 3坪 4F/4F,信義區-吳興街284巷20弄60號,距麟光站686公尺,5000
91,"近北科大,大潤發之雅房分租",雅房 6坪 4F/4F,中山區-八德路二段,距忠孝復興站692公尺,7500
92,近信義路四段/雅緻雅房/客廳公用優選好屋,雅房 5坪 1F/4F,大安區-光復南路473巷,距信義安和站432公尺,8500
93,豪宅101絕佳景觀雅房租出,雅房 3.1坪 13F/14F,大安區-光復南路290巷28號,距國父紀念館站239公尺,20000
94,761團隊:一樓捷運周邊宅。,雅房 4坪 1F/5F,大安區-和平東路三段416巷,距麟光站116公尺,6800
95,綠景溫馨寧靜雅房,雅房 6坪 6F/6F,信義區-崇德街121巷,距六張犁站346公尺,7000
96,近忠孝新生捷運站（雅房）優選好屋,雅房 5坪 3F/4F,中山區-八德路二段86號,距忠孝新生站460公尺,13000
97,監理站前溫馨雅房出租,雅房 3坪 4F/4F,松山區-光復南路41號,距國父紀念館站650公尺,9500
98,家庭式雅房近通化夜市3月底可入住,雅房 5坪 2F/4F,信義區-嘉興街,距六張犁站550公尺,8000
99,安靜單純，近北商及台大醫院、立法院、華山,雅房 12坪 2F/4F,中正區-齊東街,距忠孝新生站432公尺,9000
100,北醫吳興商圈溫馨雅房,雅房 5坪 5F/5F,信義區-吳興街284巷24弄18號,距麟光站759公尺,6500
101,分租雅房.有對外窗戶.寧靜.限租上班女性,雅房 3坪 2F/4F,松山區-光復南路32巷,距國父紀念館站595公尺,6800
102,近文創園區、國父紀念館捷運站及大巨蛋,雅房 6坪 5F/5F,大安區-光復南路96巷,距國父紀念館站313公尺,6500
103,舒適雅房限女性有管理光線好,雅房 6坪 4F/7F,大安區-通安街118巷,距六張犁站541公尺,12000
104,華視旁精緻雅房優選好屋,雅房 18坪 5F/7F,大安區-延吉街131巷43號,距國父紀念館站236公尺,15000
105,藍線忠孝復興走路3分鐘大雅房招租優選好屋,雅房 6坪 2F/7F,大安區-仁愛路三段143巷,距忠孝復興站243公尺,13900
106,"全新優質雅房,近微風、忠孝復興(限男)優選好屋",雅房 6坪 3F/3F,中山區-八德路二段,距松江南京667公尺,7200
107,【信義區】近北醫商圈，可貓靜巷邊間雅房優選好屋,雅房 5坪 2F/2F,信義區-吳興街184巷,距台北101/世貿站539公尺,6000
108,忠孝商圈雅房,雅房 4坪 2F/4F,大安區-延吉街,距忠孝敦化站410公尺,7800
109,近大安森林公園雅房/低樓層明亮舒適,雅房 4坪 2F/5F,大安區-建國南路一段286巷,距大安森林公園站307公尺,7800
110,忠孝復興雙捷運1分鐘單人雅房(防疫價),雅房 3坪 11F/12F,大安區-忠孝東路三段248巷,距忠孝復興站249公尺,4998
111,信義區單身男士雅房7500仲介社宅勿擾優選好屋,雅房 3坪 3F/4F,信義區-吳興街284巷,no info,7500
112,大雅房，限女性。近捷運,雅房 10坪 5F/5F,大安區-安和路二段23巷,距信義安和站114公尺,9000
113,近忠孝新生捷運站,雅房 3坪 4F/5F,中正區-忠孝東路二段121巷,距忠孝新生站104公尺,9000
114,電梯大樓近北醫~大套房有專屬陽台優選好屋,雅房 15坪 10F/17F,信義區-吳興街284巷59弄8號,距麟光站751公尺,6700
115,20巷4號3樓,雅房 3.5坪 3F/5F,中正區-公園路20巷4號,距台北車站139公尺,6700
116,過年大特價!大潤發1分可開伙雙人大雅優選好屋,雅房 5坪 2F/4F,中山區-八德路二段,no info,5498
117,近南京復興站雅房,雅房 7坪 2F/7F,松山區-南京東路三段303巷,距南京復興站312公尺,11500
118,植物園雅房含水電近小南門捷運5分鐘,雅房 5坪 3F/6F,中正區-延平南路195巷6號,距小南門404公尺,8500
119,大安區套房雅房近麟光捷運附廚房細節可電詢,雅房 5坪 1F/2F,大安區-和平東路三段632巷70號,距麟光站782公尺,6000
120,近北科大、光華商場、捷運忠孝新生站,雅房 3坪 4F/4F,大安區-八德路二段,距忠孝新生站275公尺,8000
121,女生雅房~採光佳~近敦南遠企、國北教大,雅房 4.5坪 4F/14F,大安區-和平東路三段,距科技大樓站473公尺,9600
122,美麗的家園，歡迎富邦金房優選好屋,雅房 6坪 4F/4F,大安區-市民大道三段224號,距忠孝復興站407公尺,8000
123,"101景觀屋,北醫商圈優質雅房,限女",雅房 5坪 5F/13F,信義區-吳興街260巷1號,no info,10000
124,光復南路仁愛路口國館旁，靜巷性價比高雅房,雅房 3坪 B1/7F,大安區-光復南路346巷,距國父紀念館站349公尺,5500
125,信義安和站精緻電梯限女雅房(2間),雅房 6坪 4F/12F,大安區-光復南路,距信義安和站436公尺,9500
126,北科大~全新裝潢大雅房,雅房 5坪 3F/4F,中山區-八德路二段,距忠孝新生站460公尺,13000
127,忠孝延吉皇家大樓高素質雅房,雅房 6坪 10F/14F,大安區-延吉街,距國父紀念館站489公尺,12000
128,南京復興站3分鐘公園綠意好房,雅房 5坪 7F/7F,松山區-南京東路三段303巷,距南京復興站304公尺,8300
129,信義安和、國館、雅房限女、廚房設備齊全優選好屋,雅房 6坪 4F/12F,大安區-光復南路,距信義安和站602公尺,9500
130,崇德街大雅房~捷運六張犁站200公尺,雅房 6坪 4F/4F,信義區-崇德街38巷,距六張犁站103公尺,6058
131,延吉電梯採光，垃圾代收，套房規格，看內文,雅房 6坪 2F/7F,大安區-延吉街,距信義安和站416公尺,8500
132,電梯雅房2間近北醫世貿~設備俱全優選好屋,雅房 6坪 3F/7F,信義區-吳興街220巷,距台北101/世貿站703公尺,6800
133,北醫旁雅房(限女性)專人打掃收垃圾優選好屋,雅房 7坪 3F/3F,信義區-吳興街161號,距台北101/世貿站467公尺,6500
134,世貿101莊敬北醫吳興優質雅房信義ATT優選好屋,雅房 4.5坪 3F/4F,信義區-吳興街,no info,6800
135,北科大對面，鄰忠孝新生捷站、三創希望廣場,雅房 4.5坪 4F/5F,大安區-八德路二段19號,距忠孝新生站264公尺,6800
136,忠孝復興雅房(可短租)Fuxing,雅房 3.5坪 2F/7F,大安區-忠孝東路三段248巷,距忠孝復興站259公尺,7800
137,5000包水送網路專人收垃圾外窗,雅房 4坪 4F/4F,大安區-基隆路二段,距六張犁站522公尺,5500
138,信義區六張犁捷運優質舒適套雅房(限女性)優選好屋,雅房 4.8坪 4F/4F,信義區-嘉興街,距六張犁站637公尺,7100
139,近忠孝敦化捷運，有冷氣網路垃圾處理,雅房 4.5坪 B1/7F,大安區-敦化南路一段177巷,距忠孝敦化站201公尺,6500
140,"出租公寓加大雅房,生活機能超方便!",雅房 9坪 4F/4F,信義區-吳興街123號,距台北101/世貿站383公尺,9000
141,交通便利通風良好,雅房 5坪 2F/7F,大安區-延吉街253號,距信義安和站416公尺,8500
142,"北醫桃花源(短租可,防疫請加Line問答",雅房 2坪 3F/7F,信義區-吳興街220巷,no info,5000
143,北科、北商；雙捷運2F雅房優選好屋,雅房 6坪 2F/3F,中正區-新生南路一段132巷,距東門站466公尺,7500
144,"北科大旁.女生雅房,單純安全.水泥隔間",雅房 4坪 6F/6F,大安區-八德路二段10巷,距忠孝新生站194公尺,6000
145,麥當勞旁雅房,雅房 5坪 3F/4F,信義區-松仁路,距臺北市政府松德辦公大樓787公尺,7000
146,超近捷運!忠孝復興步行3分鐘東區北科大優選好屋,雅房 3.5坪 4F/4F,大安區-仁愛路三段123巷,距忠孝復興站278公尺,7200
147,忠孝復興捷運站電梯優質大雅房!!,雅房 7坪 2F/8F,大安區-仁愛路三段143巷23號,距忠孝復興站243公尺,14500
148,"信義區，捷運信義線,101世貿站公寓雅房",雅房 4坪 2F/5F,信義區-吳興街156巷,距台北101/世貿站450公尺,6000
149,中正文教特區杭州濟南靜巷雅房出租,雅房 5坪 3F/4F,中正區-齊東街82巷,距善導寺站470公尺,8500
150,近復興SOGO走路3分百萬裝潢,雅房 5坪 5F/6F,大安區-忠孝東路三段251巷,距忠孝復興站327公尺,9900
151,租忠孝新生捷運電梯雅房,雅房 7坪 10F/12F,中山區-建國南路一段,距忠孝新生站582公尺,7800
152,"超值雅房.(光復南路.八德路,中崙高中.",雅房 5坪 4F/4F,松山區-光復南路33巷,距國父紀念館站628公尺,5000
153,台大/北商徐州路雅房,雅房 3坪 4F/4F,中正區-徐州路18巷19號,距善導寺站541公尺,6200
154,雅房16800元及雅房6800元出租,雅房 4坪 1F/4F,中正區-徐州路18巷,距善導寺站511公尺,6800
155,台大/北商徐州路雅房,雅房 3坪 4F/4F,中正區-徐州路18巷19號,距善導寺站541公尺,6500
156,世貿101小資宅,雅房 6坪 2F/7F,信義區-吳興街,距台北101/世貿站418公尺,9500
157,近捷運忠孝復興、附近大賣場大潤發,雅房 6坪 4F/7F,中山區-安東街16巷,距忠孝復興站537公尺,6000
158,北科大學生首選分租雅房,雅房 4坪 4F/12F,中正區-新生南路一段,距忠孝新生站173公尺,9000
159,*家庭式分租*科技大樓站旁電梯大雅房優選好屋,雅房 8坪 17F/17F,大安區-和平東路三段1巷,距科技大樓站338公尺,14000
160,超值大空間有廚房，入住正東區(短租可)優選好屋,雅房 5坪 7F/7F,大安區-敦化南路一段,距忠孝敦化站252公尺,7900
161,近行天宮站｜松江市場｜可申請租金補貼優選好屋,雅房 8坪 2F/5F,中山區-吉林路161巷,距行天宮站255公尺,9800
162,3F優質雅房(通化街/生活機能佳),雅房 5坪 3F/4F,大安區-臨江街118巷,距信義安和站375公尺,8500
163,近陽明華碩尊賢街舒適乾淨雅房專案優惠優選好屋,雅房 3坪 4F/4F,北投區-尊賢街,no info,6300
164,近中山站｜水電全包｜可申請租金補貼優選好屋,雅房 12坪 2F/3F,大同區-太原路79巷,距台北車站站408公尺,10000
165,電梯大樓分租雅房(走路8分鐘到101)優選好屋,雅房 4坪 5F/7F,大安區-信義路四段,距台北101/世貿站363公尺,14800
166,大安森林公園旁雅房,雅房 4坪 3F/4F,大安區-和平東路二段18巷,no info,8000
167,善導寺亮麗雅房含水電瓦斯網路各7000元,雅房 9.5坪 5F/10F,中正區-林森北路5巷,距善導寺站98公尺,7000
168,信義計畫區象山站分租套.雅房/物超所值！,雅房 4.5坪 8F/12F,信義區-信義路五段,距臺北市政府松德辦公大樓129公尺,8500
169,近天母SOGO、高島屋、體院、東吳、銘傳,雅房 3坪 2F/5F,士林區-德行東路104巷,距芝山站702公尺,8000
170,復興崗捷運小巧雅房可入戶籍近士林劍潭關渡優選好屋,雅房 5坪 5F/5F,北投區-中央北路三段,距復興崗站574公尺,2800
171,台大北教大五星麗緻套房及雅房,雅房 5.5坪 4F/5F,大安區-和平東路二段,距科技大樓站125公尺,9200
172,共生公寓咖啡館ShareHouse,雅房 13坪 2F/5F,松山區-民生東路四段80巷,距台北小巨蛋站598公尺,13001
173,🌟南京三民站🌟採光通風好,雅房 7坪 5F/5F,松山區-南京東路五段389巷,距南京三民站608公尺,11500
174,鯨魚藍共生公寓_松江南京,雅房 5坪 3F/5F,中山區-新生北路二段31巷,距松江南京551公尺,11800
175,行天宮捷運+包水電+瓦斯費+網路優選好屋,雅房 6坪 1F/7F,中山區-民權東路二段113巷,距行天宮站400公尺,10500
176,近南京三民站舒適房間出租(獨立淋浴空間)優選好屋,雅房 8坪 2F/4F,松山區-南京東路五段123巷,距南京三民站355公尺,14500
177,東區商圈/市民大道/敦化南路一段優選好屋,雅房 5坪 2F/4F,松山區-八德路三段12巷,距忠孝敦化站487公尺,7000
178,近捷運奇岩重劃區旁環境優雅便利,雅房 7坪 4F/5F,北投區-公館路292巷15號,距唭哩岸站510公尺,7000
179,近行天宮冷氣雅房裝潢新舒適乾淨,雅房 6坪 4F/4F,中山區-民權東路二段123號,距行天宮站355公尺,10000
180,機能佳近信義商圈優質美寓,雅房 6坪 3F/4F,信義區-光復南路,距信義安和站514公尺,10000
181,"分租雅房,近SOGO天母MRT芝山明德優選好屋",雅房 5坪 5F/5F,士林區-克強路10巷10弄6號,距明德站587公尺,6000
182,優質舒適整潔雅房/生活機能佳(限女性)優選好屋,雅房 4坪 3F/4F,中山區-興安街,no info,7500
183,新世代Soho工作即生活優選好屋,雅房 3坪 1F/6F,松山區-八德路三段12巷,距台北小巨蛋站566公尺,6300
184,近明德捷運站.生活機能良好,雅房 6坪 5F/6F,北投區-建民路,距明德站352公尺,6300
185,月租專案/飯店管理/免押金/包水電,雅房 2.5坪 2F/5F,中正區-漢口街一段50號,距台北車站站418公尺,10500
186,雅房出租，採光好，物美價廉,雅房 5坪 5F/6F,大安區-通化街82號,距信義安和站380公尺,6800
187,近信義安和電梯大樓雅房分租,雅房 4坪 10F/20F,大安區-信義路四段,距信義安和站322公尺,12000
188,永春捷運站出口雅房，交通便利生活機能佳,雅房 4坪 4F/4F,信義區-忠孝東路五段,距永春站106公尺,6200
189,大安區環境單純雅房出租,雅房 6坪 14F/17F,大安區-復興南路二段171巷,距科技大樓站231公尺,8000
190,◎近世貿~明亮生活機能好~歡迎女性入住◎,雅房 5坪 5F/5F,大安區-通化街19巷,距信義安和站403公尺,6500
191,天母靜巷2樓女性雅房，乾淨明亮安靜單純！優選好屋,雅房 4坪 2F/5F,士林區-中山北路六段277巷,距明德站608公尺,8000
192,捷運信義安和站女性雅房,雅房 5坪 4F/4F,大安區-通化街19巷6弄4號,距信義安和站253公尺,9000
193,共生公寓近陽明大學/榮總/捷運/運動中心,雅房 5坪 5F/6F,北投區-吉利街259巷,距唭哩岸站556公尺,6800
194,科技大樓精緻雅房限女生上班族、學生,雅房 7坪 4F/5F,大安區-和平東路二段76巷,距科技大樓站529公尺,10000
195,電梯大樓雅房出租,雅房 4坪 整棟/13F,松山區-南京東路五段346號,距南京三民站444公尺,6500
196,雅房出租鄰近科技大樓捷運站步行2-3分鐘,雅房 20坪 4F/4F,大安區-復興南路二段210巷1弄7號,距科技大樓站212公尺,16000
197,溫馨女雅、全包冷氣網路水電三線捷運、限女優選好屋,雅房 4坪 5F/5F,中山區-新生北路二段119巷,距中山國小站449公尺,7500
198,中山行天宮站近三線捷運可短租包水電網路,雅房 6坪 3F/3F,中山區-中原街,距行天宮站444公尺,8000
199,"永春捷運站出口雅房,交通方便生活機能佳",雅房 4坪 3F/4F,信義區-忠孝東路五段,距永春站56公尺,7200
200,【出租】芝山站美式工業風公寓大雅房優選好屋,雅房 5坪 3F/5F,士林區-中山北路六段,距芝山站568公尺,12000
201,南京捷運全新裝潢一樓雅房-中信陳枝煌,雅房 5坪 1F/3F,松山區-南京東路五段59巷27弄1號,距南京三民站456公尺,8500
202,鄰近大安公園.市立圖書館優質雅房,雅房 6坪 3F/4F,大安區-建國南路二段151巷,距科技大樓站517公尺,13500
203,近北車機能方便/單人床位/包水電網路,雅房 5.5坪 9F/12F,大同區-重慶北路一段,距台北車站站301公尺,5500
204,石牌捷運1分鐘雅房(限女姓),雅房 7坪 3F/4F,北投區-石牌路二段,距石牌站212公尺,7500
205,大安路靜巷2樓優質雅房B室優選好屋,雅房 4坪 2F/4F,大安區-大安路二段160巷,距科技大樓站374公尺,8200
206,南京西路美套宜居,雅房 11.2坪 10F/11F,大同區-南京西路,距台北車站站590公尺,20000
207,出租東門古亭雙捷運電梯大雅房,雅房 4.5坪 7F/7F,大安區-金華街,距古亭站459公尺,13800
208,光復南路473巷1間雅房分租,雅房 5坪 1F/4F,信義區-光復南路473巷11弄3號,距台北101/世貿站485公尺,8900
209,包水電瓦斯網路雅房價格，享家庭般生活。優選好屋,雅房 2.5坪 5F/5F,大安區-臥龍街,距麟光站556公尺,7500
210,遠企購物中心對面境優雅房,雅房 3.5坪 2F/7F,大安區-四維路220號,距科技大樓站438公尺,6800
211,台灣大學雅房,雅房 4坪 4F/5F,大安區-復興南路二段,距科技大樓站416公尺,7500
212,夜市市場，生活機能強，安全性超高的選擇！,雅房 5坪 5F/7F,大安區-臨江街25號,距信義安和站525公尺,8600
213,東吳大學城區部附近~雅房出租,雅房 5坪 2F/4F,中正區-中華路一段91巷,距小南門386公尺,4900
214,台大/教育大/台科大~舒適安心女性專屬~優選好屋,雅房 4坪 4F/5F,大安區-辛亥路二段,距科技大樓站493公尺,7500
215,民生社區【乾淨明亮雅房】生活機能強,雅房 8坪 3F/7F,松山區-健康路325巷36號,距南京三民站718公尺,8000
216,大降價超值雅房近捷運，生活機能便利,雅房 6坪 3F/5F,中山區-林森北路107巷,距善導寺站643公尺,5500
217,溫馨電梯雅房出租交通便利/限女學生,雅房 5坪 5F/7F,中正區-中華路二段139號,距龍山寺站605公尺,6500
218,北市信義區電梯華廈面公園經濟雅房徵女房客,雅房 5坪 3F/7F,信義區-信安街,距六張犁站480公尺,8000
219,美仁里公車站旁精緻雅房出租優選好屋,雅房 5坪 4F/4F,松山區-八德路三段,距台北小巨蛋站476公尺,5000
220,景鈞巧窩共生公寓/單雙人房出租中,雅房 2坪 2F/4F,大同區-天水路38號,距台北車站站433公尺,7000
221,"信維市場大安捷運站,生活機能佳優選好屋",雅房 7坪 2F/7F,大安區-信義路四段,距大安站229公尺,9000
222,舒適大空間！月底前入住另有優惠!,雅房 6坪 4F/4F,大安區-和平東路二段,距科技大樓站329公尺,8100
223,精緻雅房出租優選好屋,雅房 4坪 4F/4F,松山區-八德路三段,距台北小巨蛋站476公尺,5500
224,南京三民捷運寶清社區全新裝潢,雅房 5坪 4F/4F,松山區-南京東路五段389巷,距南京三民站611公尺,7000
225,"國北教大實小對面,交便、境優、綠化空氣好",雅房 5坪 8F/8F,大安區-和平東路二段107巷6弄1號,距科技大樓站338公尺,9600
226,南京三民站。共居公寓雅房,雅房 4坪 3F/5F,松山區-南京東路五段,距南京三民站601公尺,13500
227,happytogether科技大樓公園,雅房 5坪 7F/7F,大安區-和平東路二段175巷15號,距科技大樓站181公尺,9500
228,捷運永春站旁精緻雅房,雅房 5坪 4F/4F,信義區-忠孝東路五段,距永春站56公尺,7000
229,gogo尋找好室友,雅房 5坪 5F/5F,北投區-民族街60巷,距新北投572公尺,10000
230,雅房附基本傢俱生活機能優,雅房 8坪 1F/4F,北投區-裕民六路114巷31號,距石牌站294公尺,9000
231,近科技大樓捷運站，房況佳，不可錯過好房。,雅房 5坪 2F/19F,大安區-復興南路二段193巷25號,距科技大樓站155公尺,11000
232,漂亮雅房全新裝潢近捷運中山國中錦州街美食,雅房 6坪 5F/5F,中山區-錦州街,距中山國中站78公尺,13000
233,小資女孩的便利溫馨小窩!!,雅房 6坪 1F/4F,松山區-八德路三段158巷,距台北小巨蛋站508公尺,7200
234,信義區首選市府捷運站一分鐘大窗景雅房,雅房 6坪 2F/5F,信義區-忠孝東路五段71巷,距市政府249公尺,8600
235,4分鐘到永春站環境好屋況佳女生雅房優選好屋,雅房 5坪 5F/5F,信義區-忠孝東路五段703巷,距後山埤站277公尺,8000
236,近台大師大/捷運站(租金含水電網路),雅房 4坪 3F/4F,大安區-和平東路二段18巷,no info,7000
237,太原優質女生宿舍（北漂首選）優選好屋,雅房 3坪 2F/4F,大同區-太原路97巷22號,距中山站405公尺,7000
238,近小南門/萬華站/免追垃圾車,雅房 5坪 4F/5F,中正區-中華路二段,距小南門476公尺,6000
239,南京三民捷運雅房,雅房 3.5坪 4F/5F,松山區-南京東路五段23巷,距台北小巨蛋站581公尺,5000
240,近科技大樓捷運！生活機能佳！限女生！優選好屋,雅房 5坪 2F/19F,大安區-復興南路二段193巷,距科技大樓站155公尺,11000
241,近科技大樓捷運！生活機能佳！限女生！優選好屋,雅房 5坪 2F/19F,大安區-復興南路二段193巷,距科技大樓站155公尺,11000
242,近科技大樓捷運！生活機能佳！限女生！優選好屋,雅房 5坪 2F/19F,大安區-復興南路二段193巷,距科技大樓站155公尺,11000
243,交通方便的好住處,雅房 3.5坪 3F/4F,中山區-中山北路一段140巷,距中山站189公尺,5000
244,捷運市府站4號出口電梯大樓,雅房 3坪 5F/12F,信義區-忠孝東路五段,距市政府84公尺,5000
245,莊敬北醫世貿電梯便宜雅房,雅房 6坪 3F/7F,信義區-莊敬路,距台北101/世貿站615公尺,4280
246,過年大特價!市府站1分鐘雅房、倉儲、倉庫優選好屋,雅房 3坪 11F/12F,信義區-忠孝東路五段,距市政府45公尺,5498
247,市民大道雅房含水電,雅房 4坪 5F/5F,中山區-市民大道二段67巷28號,距善導寺站589公尺,6000
248,近大安站雙捷運雅房優選好屋,雅房 8坪 2F/6F,大安區-復興南路二段110號,距科技大樓站310公尺,7500
249,南昌路一段B1/倉庫/工作室/倉儲,雅房 2.5坪 B1/10F,中正區-南昌路一段33號,距中正紀念堂站167公尺,2000
250,近101商圈家庭式雅房-Ｅ房,雅房 2.5坪 3F/4F,信義區-莊敬路,距台北101/世貿站352公尺,6900
251,近石牌捷運站費用全包雅房出租,雅房 5坪 5F/5F,北投區-石牌路一段166巷,距石牌站133公尺,6800
252,【關掉其他租屋分頁】最舒適雅房來了,雅房 5坪 4F/4F,北投區-自強街31巷,距石牌站408公尺,5500
253,石牌路一段36號巷內新裝潢,雅房 5坪 5F/5F,北投區-自強街31巷,距石牌站499公尺,5800
254,景觀採光有陽台家庭式電梯大樓雅房優選好屋,雅房 11坪 13F/13F,松山區-延壽街,距南京三民站684公尺,12000
255,敦化市民八德路靜巷⭐明亮雅房⭐垃圾有回收,雅房 5坪 4F/4F,松山區-八德路三段12巷,距忠孝敦化站565公尺,6000
256,台大敦南遠企教育大學女性雅房,雅房 3坪 2F/5F,大安區-敦化南路二段200巷,距科技大樓站483公尺,7200
257,分租單人房水電全包含網,雅房 2坪 3F/6F,大安區-臥龍街,距六張犁站652公尺,5000
258,文靜女生宿舍生活機能方便,雅房 3坪 5F/5F,大安區-和平東路二段96巷3號,距科技大樓站253公尺,5000
259,鄰捷運台大北教大除電費全包(限單身女性)優選好屋,雅房 2.5坪 3F/4F,大安區-復興南路二段340巷,距科技大樓站380公尺,5800
260,"雅房出租,近石牌捷運,夜市商圈榮總限女性",雅房 4坪 3F/5F,北投區-裕民一路28號,距石牌站272公尺,4999
261,過年大特價!!信義安和1分雙人大雅房優選好屋,雅房 7坪 4F/7F,大安區-通化街57巷,距信義安和站424公尺,5498
262,石牌捷運站旁溫馨雅房出租優選好屋,雅房 5坪 1F/3F,北投區-裕民三路6巷,距石牌站325公尺,7500
263,限女近大安站科技站含水電網路瓦斯洗衣全包優選好屋,雅房 2坪 2F/4F,大安區-復興南路二段151巷,距科技大樓站265公尺,4000
264,優雅社區環境住宿,雅房 3坪 9F/19F,大安區-復興南路二段151巷,距科技大樓站417公尺,6500
265,信義安和捷運3分、超商1分，2房合租,雅房 4坪 2F/4F,大安區-通化街,距信義安和站188公尺,6000
266,僅兩人共用衛浴的雅房~~限女性優選好屋,雅房 4坪 4F/4F,大安區-通化街123巷,距信義安和站470公尺,8700
267,101莊敬路完備雅房，工作吃喝玩樂皆方便,雅房 3坪 5F/7F,信義區-莊敬路,no info,7500
268,光.潔.明亮生活機能超優的女子公寓,雅房 4坪 5F/5F,信義區-忠孝東路五段790巷34號,距後山埤站388公尺,5200
269,雅房出租~限女~石牌捷運站一分鐘~超近!,雅房 5坪 3F/4F,北投區-義理街,距石牌站183公尺,6500
270,吉林路234號二樓公寓雅房出租,雅房 3坪 2F/5F,中山區-吉林路234號,距行天宮站385公尺,4000
271,合江街租房環境清靜、生活機能佳!!,雅房 6坪 2F/3F,中山區-合江街61巷40號,距中山國中站556公尺,6500
272,市立圖書館女性溫馨雅房(含水電瓦斯網路）,雅房 2.5坪 2F/4F,大安區-建國南路二段151巷28號,距科技大樓站535公尺,6000
273,龍門國中旁邊,雅房 7坪 4F/4F,大安區-和平東路二段76巷,距科技大樓站529公尺,10000
274,小巨蛋旁優質雅房出租優選好屋,雅房 6坪 5F/5F,松山區-南京東路四段53巷,距台北小巨蛋站196公尺,6900
275,雅房出租...含家電.網路，限單身女性,雅房 5坪 2F/4F,松山區-南京東路四段133巷,距台北小巨蛋站416公尺,6500
276,艾登/北車/補習街/優質雅房/可養寵報稅優選好屋,雅房 5坪 6F/6F,中正區-漢口街一段,距台北車站405公尺,5200
277,後山埤大雅房捷運站對面近五分埔松山車站優選好屋,雅房 6坪 4F/4F,信義區-忠孝東路五段743巷23號,距後山埤站207公尺,8000
278,🌟善導寺捷運2分鐘🌟最後兩房!優選好屋,雅房 7坪 7F/7F,中正區-北平東路,距善導寺站198公尺,13500
279,近北護/公園旁/雙對外窗/明亮雅房,雅房 5坪 3F/4F,北投區-懷德街,距石牌站388公尺,7500
280,信義安和站/臨江夜市/101商圈,雅房 4坪 4F/5F,大安區-文昌街,距信義安和站87公尺,6500
281,中正紀念堂站有電梯女性單人雅房,雅房 5坪 2F/5F,中正區-金華街,距中正紀念堂站275公尺,7500
282,近行天宮捷運站～雅房,雅房 6坪 3F/4F,中山區-吉林路236巷,距行天宮站359公尺,9000
283,安和站1號出口/可短期月租/限女性,雅房 4坪 2F/3F,大安區-臨江街118巷,距信義安和站362公尺,8000
284,僅限女性雅房~全新家俱裝潢，讓妳住在市中,雅房 2.2坪 1F/2F,信義區-莊敬路289巷3弄2號,距台北101/世貿站442公尺,10000
285,近北門站共生公寓，含水電，床位型。,雅房 5坪 4F/5F,大同區-南京西路239巷3號,距北門站493公尺,5000
286,男近台大台科大捷運設備全安静整潔剩一房優選好屋,雅房 2.5坪 6F/6F,大安區-臥龍街,距麟光站606公尺,6400
287,安全安靜清潔省錢捷運一分鐘優選好屋,雅房 2.5坪 1F/5F,信義區-忠孝東路五段423巷,距永春站109公尺,4000
288,後山埤靜巷◆木門隔間◆小資族限男◆可炊◆,雅房 3.1坪 1F/5F,信義區-忠孝東路五段790巷,距後山埤站576公尺,4800
289,六張犁、電梯、女性專屬、機能強優選好屋,雅房 5坪 3F/7F,信義區-信安街,距六張犁站480公尺,7488
290,雙捷運機能共生雅房陽台大空間,雅房 4坪 2F/5F,中山區-合江街20巷,距松江南京643公尺,12300
291,3分鐘大安捷運大雅房優選好屋,雅房 9坪 1F/4F,大安區-復興南路一段,距大安站332公尺,7900
292,雙捷運機能共生雅房陽台大空間優選好屋,雅房 3.5坪 2F/5F,中山區-合江街20巷,距松江南京643公尺,12300
293,遠企商圈/科技大樓/敦南靜巷/兩間雅房,雅房 2.5坪 1F/4F,大安區-四維路228巷,距科技大樓站402公尺,4900
294,科技大樓站、廚房、舒適、免爬高,雅房 5坪 1F/4F,大安區-復興南路二段125巷,距科技大樓站314公尺,9500
295,雅房、套房，近六張犁、敦南基隆辛亥路口優選好屋,雅房 6坪 5F/5F,大安區-基隆路三段,no info,9900
296,近捷運六張犁站租金含水電瓦斯無線網路,雅房 5坪 2F/2F,大安區-臥龍街188巷17號,距六張犁站743公尺,5800
297,全新舒適雅房出租(限女性),雅房 9坪 3F/16F,大安區-復興南路二段171巷38號,距科技大樓站109公尺,9000
298,信義路交叉世貿旁送網路專人收垃圾,雅房 3坪 1F/5F,信義區-光復南路473巷,距台北101/世貿站451公尺,4000
299,雅房分租(水電、寬頻、管理費包)電梯大樓,雅房 5坪 4F/12F,松山區-健康路,距南京三民站430公尺,8000
300,吉林路234號二樓公寓雅房出租,雅房 3坪 2F/5F,中山區-吉林路234號,距行天宮站385公尺,4000
301,合江街租房環境清靜、生活機能佳!!,雅房 6坪 2F/3F,中山區-合江街61巷40號,距中山國中站556公尺,6500
302,市立圖書館女性溫馨雅房(含水電瓦斯網路）,雅房 2.5坪 2F/4F,大安區-建國南路二段151巷28號,距科技大樓站535公尺,6000
303,龍門國中旁邊,雅房 7坪 4F/4F,大安區-和平東路二段76巷,距科技大樓站529公尺,10000
304,小巨蛋旁優質雅房出租優選好屋,雅房 6坪 5F/5F,松山區-南京東路四段53巷,距台北小巨蛋站196公尺,6900
305,雅房出租...含家電.網路，限單身女性,雅房 5坪 2F/4F,松山區-南京東路四段133巷,距台北小巨蛋站416公尺,6500
306,艾登/北車/補習街/優質雅房/可養寵報稅優選好屋,雅房 5坪 6F/6F,中正區-漢口街一段,距台北車站405公尺,5200
307,後山埤大雅房捷運站對面近五分埔松山車站優選好屋,雅房 6坪 4F/4F,信義區-忠孝東路五段743巷23號,距後山埤站207公尺,8000
308,🌟善導寺捷運2分鐘🌟最後兩房!優選好屋,雅房 7坪 7F/7F,中正區-北平東路,距善導寺站198公尺,13500
309,近北護/公園旁/雙對外窗/明亮雅房,雅房 5坪 3F/4F,北投區-懷德街,距石牌站388公尺,7500
310,信義安和站/臨江夜市/101商圈,雅房 4坪 4F/5F,大安區-文昌街,距信義安和站87公尺,6500
311,中正紀念堂站有電梯女性單人雅房,雅房 5坪 2F/5F,中正區-金華街,距中正紀念堂站275公尺,7500
312,近行天宮捷運站～雅房,雅房 6坪 3F/4F,中山區-吉林路236巷,距行天宮站359公尺,9000
313,安和站1號出口/可短期月租/限女性,雅房 4坪 2F/3F,大安區-臨江街118巷,距信義安和站362公尺,8000
314,僅限女性雅房~全新家俱裝潢，讓妳住在市中,雅房 2.2坪 1F/2F,信義區-莊敬路289巷3弄2號,距台北101/世貿站442公尺,10000
315,近北門站共生公寓，含水電，床位型。,雅房 5坪 4F/5F,大同區-南京西路239巷3號,距北門站493公尺,5000
316,男近台大台科大捷運設備全安静整潔剩一房優選好屋,雅房 2.5坪 6F/6F,大安區-臥龍街,距麟光站606公尺,6400
317,安全安靜清潔省錢捷運一分鐘優選好屋,雅房 2.5坪 1F/5F,信義區-忠孝東路五段423巷,距永春站109公尺,4000
318,後山埤靜巷◆木門隔間◆小資族限男◆可炊◆,雅房 3.1坪 1F/5F,信義區-忠孝東路五段790巷,距後山埤站576公尺,4800
319,六張犁、電梯、女性專屬、機能強優選好屋,雅房 5坪 3F/7F,信義區-信安街,距六張犁站480公尺,7488
320,雙捷運機能共生雅房陽台大空間,雅房 4坪 2F/5F,中山區-合江街20巷,距松江南京643公尺,12300
321,3分鐘大安捷運大雅房優選好屋,雅房 9坪 1F/4F,大安區-復興南路一段,距大安站332公尺,7900
322,雙捷運機能共生雅房陽台大空間優選好屋,雅房 3.5坪 2F/5F,中山區-合江街20巷,距松江南京643公尺,12300
323,遠企商圈/科技大樓/敦南靜巷/兩間雅房,雅房 2.5坪 1F/4F,大安區-四維路228巷,距科技大樓站402公尺,4900
324,科技大樓站、廚房、舒適、免爬高,雅房 5坪 1F/4F,大安區-復興南路二段125巷,距科技大樓站314公尺,9500
325,雅房、套房，近六張犁、敦南基隆辛亥路口優選好屋,雅房 6坪 5F/5F,大安區-基隆路三段,no info,9900
326,近捷運六張犁站租金含水電瓦斯無線網路,雅房 5坪 2F/2F,大安區-臥龍街188巷17號,距六張犁站743公尺,5800
327,全新舒適雅房出租(限女性),雅房 9坪 3F/16F,大安區-復興南路二段171巷38號,距科技大樓站109公尺,9000
328,信義路交叉世貿旁送網路專人收垃圾,雅房 3坪 1F/5F,信義區-光復南路473巷,距台北101/世貿站451公尺,4000
329,雅房分租(水電、寬頻、管理費包)電梯大樓,雅房 5坪 4F/12F,松山區-健康路,距南京三民站430公尺,8000
330,正職女性雅房森林公園永康街東門站虎年特惠,雅房 3坪 4F/4F,大安區-金華街,距東門站389公尺,4700
331,"近台大,學生租屋首選",雅房 4坪 2F/5F,大安區-復興南路二段360號,距科技大樓站469公尺,8200
332,雅房出租~~~含水電、第四台網路、電視,雅房 6坪 5F/5F,松山區-延吉街30巷,距台北小巨蛋站607公尺,7500
333,喜愛溫馨家庭感的租屋者看過來,雅房 8坪 4F/7F,大安區-通化街,距六張犁站259公尺,12000
334,全新裝潢、家具，近建國中學，限時8000優選好屋,雅房 5坪 3F/5F,萬華區-中華路二段150巷,距龍山寺站590公尺,8000
335,全新整修雅房，近台大師大北教大、捷運站,雅房 5坪 5F/5F,大安區-和平東路二段325號,距科技大樓站234公尺,8000
336,全新裝潢雅房南京松江捷運站三分鐘優選好屋,雅房 5坪 2F/4F,中山區-伊通街,距松江南京263公尺,7500
337,簡單雅房附近生活機能佳,雅房 5坪 3F/4F,中山區-吉林路356號,距中山國小站395公尺,4999
338,大安區品味雅房,雅房 5坪 2F/4F,大安區-信義路四段74巷,距大安站301公尺,12800
339,北車精選美宅(免仲介費),雅房 5坪 5F/5F,中正區-漢口街一段80巷,距西門站477公尺,5990
340,北車精選美宅有陽台(免仲介費)優選好屋,雅房 8坪 5F/5F,中正區-漢口街一段80巷,距西門站477公尺,7888
341,北車精選美宅(免仲介費),雅房 6坪 5F/5F,中正區-漢口街一段80巷,距西門站477公尺,6888
342,唭哩岸站捷運雅房出租6000元雙人床,雅房 5坪 4F/4F,北投區-吉利街,距唭哩岸站281公尺,6000
343,小巨蛋捷運站旁，租金優惠中!優選好屋,雅房 5坪 6F/7F,松山區-北寧路,距台北小巨蛋站198公尺,7900
344,古亭捷運站【牯嶺公園旁】五星級雅房～限女,雅房 5坪 1F/5F,中正區-廈門街123巷10號,距古亭站626公尺,6500
345,西門誠品商圈｜有廚房可短租｜可辦租金補貼優選好屋,雅房 8坪 3F/4F,萬華區-康定路25巷,距西門站440公尺,9000
346,內湖江南街雅房出租家樂福旁優選好屋,雅房 6坪 2F/5F,內湖區-江南街,距港墘站364公尺,11000
347,本雅房設備，比早會的會議紀錄還完整,雅房 8坪 2F/4F,萬華區-貴陽街二段,距龍山寺站590公尺,8800
348,所有相遇都是靈魂的思念，首月免租金,雅房 4坪 4F/5F,北投區-中和街20巷,距新北投281公尺,8000
349,近港墘站，全套家俱電，舒適寬敞,雅房 5坪 3F/4F,內湖區-內湖路一段629巷,距港墘站217公尺,10000
350,近榮總近石牌站義理街雅房乾淨平價雅房,雅房 4坪 3F/4F,士林區-文昌路155巷,距芝山站697公尺,5300
351,捷運站月租包廂-女性/含水電管理費免押金,雅房 3坪 2F/4F,南港區-研究院路一段57號,距南港展覽館站208公尺,6000
352,碧湖畔寧靜社區5樓全新裝潢優質雅房,雅房 6坪 5F/5F,內湖區-內湖路二段179巷48弄42號,距文德站504公尺,9000
353,芝山站走路7分.採光好.舒適共居雅房優選好屋,雅房 6坪 5F/5F,士林區-磺溪街88巷,距明德站511公尺,10800
354,政府租屋補助＊限女性＊嚴禁異性訪客過夜。優選好屋,雅房 3.5坪 2F/4F,中山區-中山北路二段183巷4號,距中山國小站356公尺,5500
355,國際交流ShareHouse台電大樓5,雅房 5坪 5F/7F,大安區-新生南路三段,no info,8300
356,捷運站月租包廂男性/含水電管理費免押金,雅房 3坪 2F/3F,南港區-研究院路一段,距南港展覽館站208公尺,6000
357,近內科走路上班優質雅房！大推！,雅房 6坪 4F/5F,內湖區-港墘路,距港墘站205公尺,12800
358,松山車站藍綠線捷運免押金月租起包水電,雅房 8坪 1F/13F,南港區-八德路四段768巷,距松山站410公尺,6500
359,行善路/麥帥新城/近舊宗路/近緯創、創見,雅房 6坪 5F/8F,內湖區-行善路25巷,距松山站750公尺,8000
360,內湖東湖路質感空間（捷運3分鐘）,雅房 7坪 5F/5F,內湖區-東湖路33巷,距東湖站318公尺,11800
361,優質雅房，要租找我!,雅房 7坪 5F/5F,士林區-通河東街一段6巷,距劍潭站780公尺,8500
362,"劍潭捷運站旁,交通方便優質雅房出租優選好屋",雅房 4坪 3F/5F,士林區-文林路,距劍潭站301公尺,7500
363,芝山天母SOGO雅房出租,雅房 3.5坪 3F/11F,士林區-福國路,距芝山站37公尺,7800
364,"新裝潢,u-bike1分鐘高cp值優選好屋",雅房 5.5坪 2F/2F,中正區-廈門街123巷,距古亭站607公尺,8200
365,芝山站100公尺雅房限女性優選好屋,雅房 7坪 3F/3F,士林區-文林路641號,距芝山站322公尺,6800
366,全新北歐輕工業圓山站不可寵優選好屋,雅房 10坪 3F/5F,大同區-重慶北路三段313巷,no info,12500
367,東吳大學城區部-女學生宿舍-雅房出租,雅房 8坪 4F/6F,萬華區-永福街46號,no info,6800
368,圓山站-五行旅店單人背包客膠囊床位,雅房 10坪 3F/4F,大同區-民族西路33號,距圓山305公尺,6000
369,下學期男住宿上下課方便，士林捷運站旁雅房,雅房 5坪 2F/3F,士林區-中正路223巷,距士林站79公尺,4900
370,走路5分鐘中正紀念堂站.近北商東吳台師大優選好屋,雅房 12坪 12F/12F,中正區-重慶南路三段,距中正紀念堂站481公尺,9500
371,共生公寓南京三民站ShareHouse優選好屋,雅房 14坪 2F/7F,松山區-吉祥路,距南京三民站178公尺,13800
372,西湖站4分鐘、近內科德明、小資雅房,雅房 3坪 2F/4F,內湖區-內湖路一段285巷,距西湖站284公尺,7000
373,已收定暫停帶看永春站三分鐘全新共生宅,雅房 3坪 2F/5F,信義區-虎林街164巷,距永春站320公尺,7800
374,東湖捷運站3分鐘雅房稀有釋出,雅房 5坪 4F/5F,內湖區-東湖路,距東湖站335公尺,9999
375,內湖捷運站金龍路上渡假風合租房,雅房 4坪 3F/4F,內湖區-金龍路,距內湖站655公尺,10000
376,內湖放空舒心宅,雅房 5坪 2F/5F,內湖區-成功路四段223巷,距內湖站298公尺,11500
377,信義區雅痞宅稀有釋出,雅房 5坪 2F/5F,信義區-福德街300巷,距後山埤站733公尺,11500
378,全新粉刷整理全新傢俱2人共同一間衞浴,雅房 7坪 4F/5F,內湖區-內湖路二段263巷,距內湖站462公尺,8000
379,近捷運全新傢俱整理只有2人共用一間衞浴優選好屋,雅房 7坪 4F/5F,內湖區-內湖路二段263巷,距內湖站462公尺,8000
380,近捷運全新整理傢俱只有2人共用一間衞浴,雅房 7.5坪 4F/5F,內湖區-內湖路二段263巷,距內湖站462公尺,8000
381,昆陽捷運站旁新裝潢合租雅房(免仲介費)優選好屋,雅房 4坪 2F/5F,南港區-忠孝東路六段278巷,距昆陽站361公尺,10800
382,文德捷運5分鐘雅房可開伙正5樓專人倒垃圾優選好屋,雅房 7坪 5F/5F,內湖區-文德路,距文德站448公尺,7000
383,全新粉刷整理全新傢俱2人共同一間衞浴,雅房 7坪 4F/5F,內湖區-內湖路二段263巷,距內湖站462公尺,8000
384,★近士林捷運站旁~雅緻文青雅房★,雅房 4坪 3F/3F,士林區-文林路,距士林站442公尺,7500
385,限女~走路到內科上班/西湖港墘捷運5分,雅房 4坪 5F/5F,內湖區-內湖路一段439號,距港墘站342公尺,6500
386,享家共生內湖，內科民宿風格共生公寓,雅房 6坪 5F/5F,內湖區-文德路90巷14號,距文德站295公尺,11000
387,石牌民宿風格雅緻美屋，雅房釋出優選好屋,雅房 5坪 4F/4F,北投區-西安街一段313巷,距石牌站194公尺,11000
388,芝山站天母sogo分租電梯雅房含水網管瓦優選好屋,雅房 8坪 11F/11F,士林區-文林路,距芝山站324公尺,10500
389,師大宿舍旁公寓超安靜雅房10000包水電,雅房 5坪 1F/5F,大安區-泰順街26巷,距台電大樓站521公尺,10000
390,捷運台電站、師大旁、通風好超大房間、公園,雅房 4坪 3F/5F,大安區-師大路,距台電大樓站461公尺,6500
391,近捷運安靜安全租金含公用電費網路第四台,雅房 5坪 4F/5F,大安區-瑞安街71巷,距科技大樓站295公尺,7000
392,捷運西湖站★整面對外窗★含天然瓦斯超划算,雅房 5坪 2F/4F,內湖區-內湖路一段285巷,距西湖站196公尺,6000
393,採光雅房西湖站1分鐘近內科,雅房 4坪 5F/5F,內湖區-內湖路一段323巷,距西湖站80公尺,8100
394,含水電瓦斯/舊宗路/內湖科技/限男優選好屋,雅房 5坪 5F/5F,內湖區-南京東路六段,距松山站721公尺,6200
395,文德捷運站套房雅房限定女生家具電環境優,雅房 4坪 5F/5F,內湖區-陽光街68巷,距文德站251公尺,6800
396,優質電梯雅房近劍潭捷運走路3分鐘限女,雅房 6坪 1F/6F,士林區-承德路四段33巷24號,距劍潭站452公尺,7000
397,東湖捷運站優質雅房（女生)優選好屋,雅房 5坪 3F/5F,內湖區-東湖路94巷3號,距東湖站345公尺,8000
398,分租雅房限單身女性優選好屋,雅房 8坪 3F/4F,信義區-虎林街202巷,距永春站255公尺,8000
399,近內科港墘捷運地段好機能佳溫馨舒適大雅房優選好屋,雅房 9坪 4F/5F,內湖區-江南街28號,距港墘站364公尺,7000
400,士林捷運旁美麗電梯大陽台大雅房,雅房 7坪 7F/7F,士林區-文林路497號,距士林站395公尺,7100
401,市中心交通便利超值雅房,雅房 3.5坪 5F/5F,大安區-信義路二段44巷,距東門站380公尺,5300
402,"近內科,公車1分鐘,捷運5分鐘,套房雅房",雅房 4坪 1F/4F,內湖區-內湖路一段359巷,距西湖站219公尺,8000
403,內湖科學園區及美麗華商圈雅房出租,雅房 6坪 8F/10F,中山區-樂群二路,距劍南路站599公尺,9500
404,大橋頭站電梯雅房近迪化商圈優選好屋,雅房 5坪 8F/8F,大同區-延平北路三段,距大橋頭站326公尺,9000
405,近德明科技大學&捷運西湖站,雅房 4坪 5F/5F,內湖區-內湖路一段91巷92弄21號,距西湖站688公尺,6500
406,近捷運市府站電梯雅房包水瓦斯_限男性,雅房 3.5坪 5F/12F,信義區-基隆路一段,距市政府213公尺,6300
407,交通便捷環境清幽,雅房 6坪 4F/5F,大安區-羅斯福路二段,距古亭站119公尺,7500
408,信義區溫馨雅房!鄰近永春站與信義商圈優選好屋,雅房 6坪 5F/6F,信義區-永吉路200巷,距永春站489公尺,7000
409,南港車站(限女生)及南軟園區,雅房 5坪 3F/4F,南港區-南港路二段,距南港站565公尺,5500
410,全新裝潢附基本家具雅房，交通方便通風好,雅房 3.5坪 5F/5F,內湖區-內湖路一段91巷,距劍南路站581公尺,8000
411,文德捷運站旁雅房可養寵物適合學生上班族,雅房 7坪 3F/5F,內湖區-文德路171巷,距文德站79公尺,8500
412,67D近內湖碧湖文德站安靜雅房,雅房 5坪 3F/4F,內湖區-內湖路二段,距文德站307公尺,9800
413,近景美捷運站3號女性最佳居住安靜雅房優選好屋,雅房 6坪 2F/2F,文山區-溪口街,距景美站211公尺,6000
414,近萬華剝皮寮，龍山寺捷運站5分鐘,雅房 3.5坪 2F/10F,萬華區-康定路248號,距龍山寺站329公尺,6000
415,捷運古亭站小資女首選,雅房 3坪 3F/5F,中正區-廈門街123巷21號,距古亭站597公尺,5200
416,師大旁靜巷3樓,雅房 3.5坪 3F/4F,大安區-浦城街13巷,距台電大樓站494公尺,6500
417,貴陽街二段雅房附獨立使用厠所,雅房 6坪 5F/5F,萬華區-貴陽街二段240號,距龍山寺站548公尺,7000
418,劍潭捷運面公園宅出租,雅房 6坪 4F/5F,士林區-前港街88號,距劍潭站635公尺,8000
419,優質大雅房[近捷運]有電梯,雅房 8坪 5F/7F,文山區-溪口街55巷,距景美站305公尺,8500
420,*近劍潭捷運站/銘傳大學的優質雅房*,雅房 5坪 2F/4F,士林區-後港街45巷12號,距劍潭站180公尺,6500
421,近古亭捷運站、師大夜市、台師大,雅房 5坪 3F/4F,中正區-同安街80巷,距古亭站579公尺,7500
422,士林夜市/銘傳大學簡約設計感精緻雅房,雅房 5坪 2F/3F,士林區-文林路,距士林站428公尺,6500
423,室內20坪只隔四房，交通便利，生活機能佳,雅房 5坪 5F/5F,士林區-承德路四段64號,距劍潭站362公尺,6300
424,北漂溫馨蛋黃區小雅房！,雅房 2坪 4F/4F,大安區-泰順街2巷,no info,5800
425,寧靜、通風採光佳，近內科園區及德明大學,雅房 6坪 5F/5F,內湖區-環山路二段109巷,距港墘站482公尺,8500
426,禁菸限男單人砌磚捷運大橋頭雅房,雅房 3坪 2F/4F,大同區-迪化街二段88號,距大橋頭站502公尺,5000
427,港墘站近內科保全大樓雅房分租,雅房 5坪 9F/13F,內湖區-港墘路,距港墘站497公尺,13000
428,"大直實踐學區,全新裝潢優質專屬女性雅房優選好屋",雅房 3坪 B1/6F,中山區-北安路595巷,距大直站211公尺,6500
429,台電大樓站1分限女生*電梯精緻雅套房優選好屋,雅房 7坪 5F/7F,中正區-辛亥路一段25巷,距台電大樓站139公尺,10500
430,近南港展覽館捷運站100米可貓(合租),雅房 5坪 4F/4F,南港區-市民大道八段,距南港展覽館站153公尺,8800
431,超划算!!!內湖站電梯雅房含電費優選好屋,雅房 5坪 11F/15F,內湖區-成功路四段,距內湖站58公尺,8499
432,737B內科雅房大廚房有獨立陽台洗衣機,雅房 4坪 3F/4F,內湖區-內湖路一段737巷,距港墘站452公尺,9800
433,近捷運、東吳城區部、西門町、家樂福,雅房 3.8坪 4F/5F,萬華區-華西街,距龍山寺站377公尺,4300
434,永春捷運站2分鐘到家,雅房 7坪 4F/5F,信義區-松山路,距永春站207公尺,7000
435,"近捷運東門站,中正紀念堂旁。限學生",雅房 5坪 3F/4F,大安區-信義路二段10巷,距東門站399公尺,7000
436,"24小時管理,近捷運芝山站家樂福SOGO",雅房 5坪 5F/5F,士林區-磺溪街35巷,距明德站509公尺,7000
437,松隆B雙面採光電梯雅房垃圾代收有附床墊優選好屋,雅房 5坪 6F/9F,信義區-松隆路7號,距市政府267公尺,12800
438,雅房/萬華區和平西路/雅房或工作室優選好屋,雅房 6坪 2F/4F,萬華區-和平西路三段52巷,距龍山寺站376公尺,10000
439,雅房出租，臨近士林北投科學園區,雅房 3.1坪 2F/3F,北投區-文林北路188號,距明德站430公尺,8000
440,南港展覽館旁近南港軟體園區中信金融園區,雅房 4坪 2F/5F,南港區-三重路32巷,距南港展覽館站290公尺,5000
441,雅房，近永春捷運站、含網路、第四台,雅房 7坪 2F/3F,信義區-虎林街104巷,距永春站290公尺,8000
442,劍潭捷運優質雅房_新家具/包水電/2衛優選好屋,雅房 3坪 3F/4F,士林區-大南路,距士林站481公尺,5500
443,整層公寓找人合租合租!!近市府捷運站,雅房 5坪 3F/5F,信義區-永吉路30巷,距市政府468公尺,9500
444,可接受短租一個月，含冷氣費電視網路,雅房 2.5坪 1F/5F,大同區-延平北路二段125號,距大橋頭站665公尺,6000
445,雅房出租住戶單純生活機能佳交通便利優選好屋,雅房 4坪 2F/4F,萬華區-艋舺大道68巷,距龍山寺站459公尺,6500
446,套雅房近三總、內湖捷運站,雅房 5坪 5F/5F,內湖區-康寧路一段195巷4弄10號,距內湖站509公尺,7500
447,全新裝潢~捷運.醫院.大學步行一分鐘可達,雅房 8坪 5F/5F,文山區-興隆路三段112巷,距萬芳醫院站133公尺,9000
448,近捷運劍南站的渡假小屋尋找好室友!!,雅房 10坪 3F/5F,內湖區-內湖路一段91巷,距西湖站551公尺,13800
449,高級靜雅雅房,雅房 4坪 6F/8F,松山區-饒河街191號,距松山站173公尺,5300
450,東門捷運站五分鐘雅房優選好屋,雅房 4坪 4F/4F,中正區-信義路二段17巷,距東門站382公尺,9000
451,港墘501超強採光近港墘站大雅房有沙發,雅房 8坪 5F/5F,內湖區-港墘路26巷,距港墘站383公尺,9800
452,"大直實踐學區,全新裝潢優質專屬女性雅房優選好屋",雅房 3坪 B1/6F,中山區-北安路595巷,距大直站211公尺,6500
453,永春捷運站二分鐘學生高級雅房優選好屋,雅房 4坪 3F/4F,信義區-虎林街108巷,距永春站178公尺,6800
454,單身女性、屋主也是女性、喜歡乾淨房客,雅房 2坪 2F/8F,內湖區-行善路25巷38號,距松山站672公尺,8000
455,像套房的雅房自在方便優選好屋,雅房 4坪 4F/4F,中正區-汀州路三段27巷,距台電大樓站196公尺,7500
456,近台電大樓師大台大月租起包水電免押金,雅房 4坪 2F/5F,大安區-泰順街26巷,距台電大樓站525公尺,7500
457,捷運350公尺，第一個月免租金,雅房 6坪 4F/4F,文山區-興隆路三段36巷,距萬芳醫院站332公尺,5800
458,"近北科大(學生另有優惠,微風廣場雅房出租",雅房 4坪 3F/4F,松山區-復興南路一段47巷,距忠孝復興站449公尺,7000
459,世新大學2分鐘，限女生，溫馨雅房，採光佳,雅房 3坪 1F/4F,文山區-試院路154巷,距景美站672公尺,5000
460,"優質雅房出租,近西湖站,內科走路5分鐘",雅房 6坪 5F/5F,內湖區-內湖路一段285巷,距西湖站280公尺,8500
461,鄰近西門商圈全新裝潢優質雅房優選好屋,雅房 5坪 6F/8F,萬華區-貴陽街二段7號,距西門站369公尺,10800
462,步行三分鐘古亭捷運含水電費網路費-限女性優選好屋,雅房 6坪 2F/5F,中正區-晉江街18巷,距古亭站189公尺,7000
463,可貓雅房包水第四台網路南港站2分鐘,雅房 4.5坪 3F/4F,南港區-南港路一段287巷,距南港站282公尺,9500
464,"近台電大樓,師大臺大.環境優,近捷運公車",雅房 5坪 5F/6F,大安區-溫州街48巷,距台電大樓站345公尺,9500
465,近內科限女劍南路西湖站包第四台網路大雅房,雅房 6坪 4F/5F,內湖區-內湖路一段91巷25弄7號,距西湖站721公尺,12000
466,*劍潭站*銘傳大學*士林夜市-雅房◆套房優選好屋,雅房 5坪 2F/3F,士林區-大東路,距劍潭站422公尺,6000
467,市政府站挑高地下室日式雅房,雅房 7坪 B1/5F,信義區-永吉路30巷,距市政府224公尺,11800
468,近捷運大片採光對外窗雅房,雅房 7坪 3F/4F,南港區-忠孝東路六段,距昆陽站55公尺,12880
469,芝山捷運景觀宅優選好屋,雅房 5坪 10F/14F,士林區-福國路,距芝山站153公尺,12000
470,台泥旁3樓公寓分租雅房,雅房 6坪 3F/4F,中山區-中山北路二段115巷,距中山國小站313公尺,7800
471,"限單身女性,優質全新雅房近古亭捷運",雅房 4.5坪 1F/5F,中正區-廈門街99巷,距古亭站587公尺,6500
472,簽約二年每月租金只收4500元,雅房 5坪 5F/5F,中正區-重慶南路三段,no info,5500
473,"近市府捷運便宜雅房,走路4分鐘就到優選好屋",雅房 5坪 4F/4F,信義區-永吉路30巷119弄45號,距市政府421公尺,6500
474,全新裝潢芝山捷運站天母sogo3分鐘,雅房 6坪 7F/7F,士林區-德行西路60號,距芝山站143公尺,7000
475,多睡五分鐘！超大對外窗雅房！師大必租！,雅房 4.5坪 5F/5F,大安區-泰順街2巷,no info,7500
476,台大公館、台電捷運雅房,雅房 5坪 4F/4F,中正區-羅斯福路三段240巷,距台電大樓站209公尺,9000
477,"內科溫馨雅房-近捷運港墘站,供廚房使用優選好屋",雅房 5坪 5F/5F,內湖區-港墘路27巷,距港墘站460公尺,8500
478,碧湖公園旁寧靜社區一樓冬暖夏涼優選好屋,雅房 5坪 1F/5F,內湖區-內湖路二段179巷46弄15號,距文德站531公尺,7500
479,761團隊/中國科大二樓雅房代收垃圾,雅房 5坪 2F/5F,文山區-興隆路三段36巷,距萬芳醫院站266公尺,6800
480,可短租開伙，近捷運站，社區寧靜,雅房 4坪 5F/5F,內湖區-康寧路一段195巷,距大湖公園站549公尺,8000
481,"優質雅房出租,近西湖站,內科走路5分鐘",雅房 6坪 5F/5F,內湖區-內湖路一段285巷,距西湖站280公尺,8500
482,芝山捷運景觀宅優選好屋,雅房 5坪 10F/14F,士林區-福國路,距芝山站153公尺,12000
483,"近市府捷運便宜雅房,走路4分鐘就到優選好屋",雅房 5坪 4F/4F,信義區-永吉路30巷119弄45號,距市政府421公尺,6500
484,簽約二年每月租金只收4500元,雅房 5坪 5F/5F,中正區-重慶南路三段,no info,5500
485,多睡五分鐘！超大對外窗雅房！師大必租！,雅房 4.5坪 5F/5F,大安區-泰順街2巷,no info,7500
486,台大公館、台電捷運雅房,雅房 5坪 4F/4F,中正區-羅斯福路三段240巷,距台電大樓站209公尺,9000
487,761團隊/中國科大二樓雅房代收垃圾,雅房 5坪 2F/5F,文山區-興隆路三段36巷,距萬芳醫院站266公尺,6800
488,植物園共生電梯宅,雅房 5坪 3F/8F,中正區-汀州路一段,距小南門454公尺,9500
489,住房環境簡約單純優選好屋,雅房 5坪 3F/4F,松山區-八德路四段106巷6弄2號,距南京三民站532公尺,6500
490,古亭台電雙捷運近台大師大包水電可短租,雅房 5坪 2F/5F,中正區-金門街17巷,距台電大樓站569公尺,7500
491,信義區永春站平價雅房出租優選好屋,雅房 6坪 4F/4F,信義區-松德路169巷,距永春站250公尺,8700
492,近南港車站商圈、昆陽捷運站,雅房 7坪 4F/4F,南港區-昆陽街171巷6弄5號,距昆陽站500公尺,11000
493,雅房近內科/含水電瓦斯網路/限女性,雅房 5坪 3F/7F,內湖區-江南街71巷,距港墘站594公尺,8500
494,近台大師大大安公園可短租包水電免押金,雅房 6坪 2F/4F,大安區-溫州街11巷,no info,8000
495,761團隊:中國科大二樓雅房代收垃圾,雅房 6坪 2F/5F,文山區-興隆路三段36巷,距萬芳醫院站266公尺,6800
496,東門捷運站交通便利含水電瓦斯網路雅房,雅房 4.5坪 5F/5F,大安區-信義路二段44巷,距東門站380公尺,6400
497,交通便利、方便的生活機能~雅(套)房,雅房 4坪 3F/4F,萬華區-華西街,距龍山寺站329公尺,6500
498,，管理良好，安全性高-優質面對公園,雅房 3坪 4F/4F,大安區-師大路,距台電大樓站425公尺,6800
499,捷運5分鐘，均有對外窗，獨立網路不塞車優選好屋,雅房 4坪 4F/5F,士林區-承德路四段27號,距劍潭站506公尺,6800
500,港乾捷運便宜雅房自租.限女性,雅房 5坪 6F/6F,內湖區-內湖路一段629巷,距港墘站149公尺,6500
501,鄰近景美捷運站超大雅房可養寵物（非頂加）,雅房 9坪 5F/5F,文山區-景福街126號,距景美站589公尺,6500
502,捷運古亭站精緻淑女雅房優選好屋,雅房 8坪 4F/4F,中正區-晉江街112巷,距台電大樓站490公尺,9800
503,"HOT後山埤捷運商圈,裝潢新,精品雅房!",雅房 5.5坪 4F/6F,信義區-福德街268巷,距後山埤站710公尺,8700
504,精緻便利優質雅房,雅房 6坪 4F/5F,萬華區-西園路二段140巷75號,距龍山寺站603公尺,5300
505,萬芳醫院捷運旁30米(限男),雅房 6坪 5F/5F,文山區-興隆路三段,距萬芳醫院站74公尺,7000
506,萬芳醫院捷運旁30米(限男),雅房 6坪 5F/5F,文山區-興隆路三段,距萬芳醫院站74公尺,7000
507,萬芳醫院捷運旁30米(限男),雅房 6坪 5F/5F,文山區-興隆路三段,距萬芳醫院站74公尺,7000
508,市中心/電梯大樓/交通方便優選好屋,雅房 5坪 5F/7F,松山區-吉祥路,距南京三民站178公尺,8300
509,萬隆捷運(城市花園)雅房租.24小時管理優選好屋,雅房 9坪 7F/13F,文山區-羅斯福路六段39巷,距萬隆站464公尺,12000
510,中正紀念堂捷運站，出站3分到家，限女,雅房 6坪 7F/11F,中正區-羅斯福路一段,距中正紀念堂站44公尺,6800
511,5800古亭捷運/台大師大/大雅房優選好屋,雅房 3坪 3F/4F,中正區-廈門街99巷,距古亭站511公尺,5800
512,自租優質2F雅房生活機能佳便宜租優選好屋,雅房 7坪 2F/5F,士林區-通河東街一段9巷,距劍潭站779公尺,7000
513,藍線信義區捷運市政府永春站走路6分鐘,雅房 6坪 2F/5F,信義區-永吉路180巷,距永春站555公尺,10000
514,藍線永春7分鐘550公尺3雅房1樓可美業優選好屋,雅房 5.5坪 1F/5F,信義區-松山路540巷,距永春站424公尺,10000
515,永春捷運小資族首選可當倉庫(男),雅房 3坪 4F/4F,信義區-林口街,距永春站402公尺,5000
516,永春捷運旁，小資男首選(男),雅房 3坪 4F/4F,信義區-林口街,距永春站402公尺,5500
517,採光雅房西湖站1分鐘近內科,雅房 4坪 5F/5F,內湖區-內湖路一段323巷,距西湖站80公尺,8100
518,南京三民站旁，落地窗大陽台優質雅房(男),雅房 7坪 6F/6F,松山區-八德路四段,距南京三民站421公尺,7800
519,昆陽捷運2樓雅房限女性,雅房 7坪 2F/4F,南港區-忠孝東路六段403巷,距昆陽站51公尺,11000
520,限時5999東湖捷運獨立陽台雅房優選好屋,雅房 4坪 5F/5F,內湖區-康樂街,距東湖站785公尺,5999
521,對外窗三樓女生4500元，近士林.芝山站,雅房 5坪 3F/3F,士林區-文林路571號,距士林站561公尺,4500
522,內科德明大學旁精緻大雅房優選好屋,雅房 3坪 4F/4F,內湖區-環山路一段136巷,距西湖站677公尺,7500
523,信義路六段松山路口雅房,雅房 5坪 4F/4F,信義區-松山路541巷,距永春站502公尺,9000
524,近永春捷運站！裝潢新穎！生活機能佳！,雅房 8坪 4F/4F,信義區-永吉路278巷,距永春站296公尺,15000
525,內科1F溫暖雅房C(浴室共用)優選好屋,雅房 4坪 1F/5F,內湖區-江南街117巷,距港墘站516公尺,6600
526,內湖哈拉影城對面..雅房出租..限女性,雅房 5坪 3F/10F,內湖區-康寧路三段,距葫洲站323公尺,6500
527,景美捷運雅房/有專人清潔環境,雅房 3坪 2F/4F,文山區-三福街4巷,距景美站374公尺,6000
528,景美捷運雅房/有專人清潔環境,雅房 4坪 2F/4F,文山區-三福街4巷,距景美站374公尺,7200
529,景美捷運雅房/有專人清潔環境,雅房 4坪 2F/4F,文山區-三福街4巷,距景美站374公尺,7000
530,永康街23巷45弄2號,雅房 9坪 5F/5F,大安區-永康街23巷45弄2號,距大安森林公園站337公尺,9000
531,西門町合居宿舍男女分開5000元免押金＊,雅房 10坪 3F/10F,萬華區-漢口街二段,距西門站498公尺,5000
532,西門町雅房(短長均可;免押金)＊,雅房 5坪 2F/4F,萬華區-西寧南路71巷,距西門站446公尺,9500
533,西門町近北車太空艙長短6000元免押金*,雅房 10坪 3F/10F,萬華區-漢口街二段,距西門站508公尺,6000
534,内湖捷運站文德站,雅房 4坪 5F/5F,內湖區-文德路101巷9號,距文德站387公尺,6600
535,舒適大間雅房有大陽台淑女找屋看過來喲,雅房 4坪 2F/2F,文山區-辛亥路五段118巷10號,距萬芳醫院站665公尺,5000
536,"電梯雅房,2分鐘捷運,附網路冷氣,對外窗優選好屋",雅房 5坪 5F/10F,大同區-延平北路三段,距大橋頭站351公尺,5800
537,'抗漲'羅斯福路優質雅房臨近公車捷運優選好屋,雅房 4.5坪 3F/4F,文山區-溪口街,距景美站293公尺,4000
538,世新大學到校1分鐘限男生通過安全檢測,雅房 2坪 4F/5F,文山區-試院路144巷,距景美站732公尺,5000
539,近芝山捷運站，優質電梯雅房/限女,雅房 5坪 7F/7F,士林區-中山北路五段,距芝山站437公尺,7500
540,電梯全新裝潢精緻雅房,雅房 2.5坪 3F/9F,萬華區-峨眉街,no info,7500
541,市府站75微風雙人套雅房歡迎短租寵物樂園優選好屋,雅房 8坪 4F/4F,信義區-永吉路30巷,距市政府214公尺,10000
542,劍潭捷運附近.東吳.文化.銘傳.士林夜市,雅房 8.5坪 5F/5F,士林區-前港街120巷,距劍潭站698公尺,8000
543,延三夜市_¥_(大橋頭捷運站),雅房 6坪 3F/4F,大同區-延平北路三段121號,距大橋頭站651公尺,7500
544,16巷(免水電瓦斯費)限男學生請參見描述,雅房 4坪 2F/4F,中正區-重慶南路三段16巷,距中正紀念堂站511公尺,5500
545,忠孝新生站光華商場三創左前北科大師大公館,雅房 8坪 2F/3F,中山區-新生北路一段62巷,距忠孝新生站514公尺,7000
546,文德捷運6分鐘優質雅房出租有對外窗可開伙,雅房 4坪 5F/5F,內湖區-文德路66巷,距文德站496公尺,12800
547,雅房中的套房,雅房 10.2坪 4F/4F,萬華區-桂林路246巷42弄30號,距龍山寺站746公尺,10800
548,劍潭超大陽台雅房優選好屋,雅房 6坪 4F/4F,士林區-承德路四段12巷,距劍潭站636公尺,7000
549,東湖捷運站雅房出租,雅房 6坪 4F/5F,內湖區-東湖路160巷10弄45號,距東湖站458公尺,6500
550,物超所值女性雅房!!,雅房 6坪 5F/5F,內湖區-康寧路三段165巷18號,距東湖站458公尺,6000
551,雙連捷運站*優質女性單純雅房*安全寧靜,雅房 5.5坪 4F/5F,中山區-中山北路二段50巷15號,距雙連站193公尺,7500
552,@@德明5樓雅房@@,雅房 4.5坪 5F/5F,內湖區-內湖路一段91巷,距劍南路站737公尺,7800
553,可短租賴訊問明德站雅房可煮可養貓全含價,雅房 4坪 1F/4F,北投區-西安街一段165巷,距明德站112公尺,9000
554,士林捷運站1號出口3分鐘,雅房 4坪 4F/5F,士林區-美德街40號,距士林站182公尺,7000
555,捷運東湖站雅房步行5分/限女,雅房 3.5坪 5F/5F,內湖區-東湖路106巷,距東湖站277公尺,4800
556,鬧中取靜..哈拉影城電梯華夏優選好屋,雅房 7坪 2F/5F,內湖區-康寧路三段189巷80弄30號,距東湖站512公尺,8600
557,市中心上班方便,雅房 4坪 4F/4F,松山區-復興南路一段19號,距忠孝復興站575公尺,6200
558,南港展覽館捷運旁2樓雅房出租,雅房 5坪 2F/4F,南港區-市民大道八段,距南港站316公尺,7500
559,內湖碧湖文德站安靜雅房,雅房 4坪 3F/4F,內湖區-內湖路二段67號,距文德站307公尺,9800
560,大直出租雅房近捷運站，實踐大學及內湖園區,雅房 5坪 4F/4F,中山區-北安路595巷,距大直站254公尺,5000
561,捷運台電大樓站雅房,雅房 4坪 3F/4F,中正區-汀洲路二段305號,距台電大樓站455公尺,6500
562,生活機能佳~優!,雅房 4坪 3F/4F,信義區-富陽街,距六張犁站355公尺,7700
563,西湖捷運站旁,雅房 5坪 5F/5F,內湖區-內湖路一段323巷,距西湖站229公尺,6500
564,近捷運站交通便利生活機能佳,雅房 3坪 2F/2F,中山區-南京東路一段132巷,距松江南京580公尺,4500
565,生活機能方便，近士林夜市、劍潭捷運站優選好屋,雅房 5坪 3F/4F,士林區-華齡街44號,距劍潭站555公尺,5000
566,自租雅套房新生北路近中山國小捷運站,雅房 7坪 7F/11F,中山區-新生北路三段,距中山國小站379公尺,8000
567,昆陽站5分鐘~限女性~生活機能佳,雅房 4坪 5F/5F,南港區-忠孝東路六段278巷,距昆陽站377公尺,8500
568,松山車站/捷運站旁雅房優選好屋,雅房 3.5坪 3F/5F,南港區-八德路四段834號,距松山站498公尺,6000
569,成功路三段雅房,雅房 5坪 2F/12F,內湖區-成功路三段174巷17弄7號,距內湖站264公尺,7000
570,電梯全新裝潢精緻雅房,雅房 2.5坪 3F/9F,萬華區-峨眉街,no info,7500
571,市府站75微風雙人套雅房歡迎短租寵物樂園優選好屋,雅房 8坪 4F/4F,信義區-永吉路30巷,距市政府214公尺,10000
572,劍潭捷運附近.東吳.文化.銘傳.士林夜市,雅房 8.5坪 5F/5F,士林區-前港街120巷,距劍潭站698公尺,8000
573,延三夜市_¥_(大橋頭捷運站),雅房 6坪 3F/4F,大同區-延平北路三段121號,距大橋頭站651公尺,7500
574,16巷(免水電瓦斯費)限男學生請參見描述,雅房 4坪 2F/4F,中正區-重慶南路三段16巷,距中正紀念堂站511公尺,5500
575,忠孝新生站光華商場三創左前北科大師大公館,雅房 8坪 2F/3F,中山區-新生北路一段62巷,距忠孝新生站514公尺,7000
576,文德捷運6分鐘優質雅房出租有對外窗可開伙,雅房 4坪 5F/5F,內湖區-文德路66巷,距文德站496公尺,12800
577,雅房中的套房,雅房 10.2坪 4F/4F,萬華區-桂林路246巷42弄30號,距龍山寺站746公尺,10800
578,劍潭超大陽台雅房優選好屋,雅房 6坪 4F/4F,士林區-承德路四段12巷,距劍潭站636公尺,7000
579,東湖捷運站雅房出租,雅房 6坪 4F/5F,內湖區-東湖路160巷10弄45號,距東湖站458公尺,6500
580,物超所值女性雅房!!,雅房 6坪 5F/5F,內湖區-康寧路三段165巷18號,距東湖站458公尺,6000
581,雙連捷運站*優質女性單純雅房*安全寧靜,雅房 5.5坪 4F/5F,中山區-中山北路二段50巷15號,距雙連站193公尺,7500
582,@@德明5樓雅房@@,雅房 4.5坪 5F/5F,內湖區-內湖路一段91巷,距劍南路站737公尺,7800
583,可短租賴訊問明德站雅房可煮可養貓全含價,雅房 4坪 1F/4F,北投區-西安街一段165巷,距明德站112公尺,9000
584,士林捷運站1號出口3分鐘,雅房 4坪 4F/5F,士林區-美德街40號,距士林站182公尺,7000
585,捷運東湖站雅房步行5分/限女,雅房 3.5坪 5F/5F,內湖區-東湖路106巷,距東湖站277公尺,4800
586,鬧中取靜..哈拉影城電梯華夏優選好屋,雅房 7坪 2F/5F,內湖區-康寧路三段189巷80弄30號,距東湖站512公尺,8600
587,市中心上班方便,雅房 4坪 4F/4F,松山區-復興南路一段19號,距忠孝復興站575公尺,6200
588,南港展覽館捷運旁2樓雅房出租,雅房 5坪 2F/4F,南港區-市民大道八段,距南港站316公尺,7500
589,內湖碧湖文德站安靜雅房,雅房 4坪 3F/4F,內湖區-內湖路二段67號,距文德站307公尺,9800
590,大直出租雅房近捷運站，實踐大學及內湖園區,雅房 5坪 4F/4F,中山區-北安路595巷,距大直站254公尺,5000
591,捷運台電大樓站雅房,雅房 4坪 3F/4F,中正區-汀洲路二段305號,距台電大樓站455公尺,6500
592,生活機能佳~優!,雅房 4坪 3F/4F,信義區-富陽街,距六張犁站355公尺,7700
593,西湖捷運站旁,雅房 5坪 5F/5F,內湖區-內湖路一段323巷,距西湖站229公尺,6500
594,近捷運站交通便利生活機能佳,雅房 3坪 2F/2F,中山區-南京東路一段132巷,距松江南京580公尺,4500
595,生活機能方便，近士林夜市、劍潭捷運站優選好屋,雅房 5坪 3F/4F,士林區-華齡街44號,距劍潭站555公尺,5000
596,自租雅套房新生北路近中山國小捷運站,雅房 7坪 7F/11F,中山區-新生北路三段,距中山國小站379公尺,8000
597,昆陽站5分鐘~限女性~生活機能佳,雅房 4坪 5F/5F,南港區-忠孝東路六段278巷,距昆陽站377公尺,8500
598,松山車站/捷運站旁雅房優選好屋,雅房 3.5坪 3F/5F,南港區-八德路四段834號,距松山站498公尺,6000
599,成功路三段雅房,雅房 5坪 2F/12F,內湖區-成功路三段174巷17弄7號,距內湖站264公尺,7000
600,師大商圈，交通方便，近台电捷運站。,雅房 4坪 2F/5F,大安區-泰順街2號,no info,5500
601,雅房/近後山埤捷運站,雅房 5坪 4F/4F,南港區-成福路,距後山埤站393公尺,6200
602,共生公寓全新北歐風裝潢,雅房 6坪 3F/5F,內湖區-成功路三段174巷,距內湖站474公尺,10000
603,捷運劍南路站雅房,雅房 3坪 3F/5F,內湖區-文湖街21巷,距劍南路站552公尺,7500
604,全新粉刷，房間漂亮像住飯店優選好屋,雅房 6坪 4F/5F,內湖區-港墘路100巷,距港墘站202公尺,6800
605,美麗華超值雅房近公園捷運大賣場內科優選好屋,雅房 5坪 1F/12F,中山區-敬業三路162巷,no info,8500
606,靜巷一樓雅房分租（降價了）,雅房 6坪 1F/5F,內湖區-金龍路13巷,距內湖站149公尺,8000
607,雅房出租近捷運西湖站350公尺走路4分鐘,雅房 4.5坪 4F/4F,內湖區-內湖路一段323巷,距西湖站280公尺,5500
608,分租雅房有對內窗包水電瓦斯網路(限女)優選好屋,雅房 5坪 2F/4F,南港區-忠孝東路六段,距後山埤站602公尺,7700
609,六張犁/和平東路/富陽街女子公寓雅房出租,雅房 5坪 2F/4F,信義區-富陽街87巷,距麟光站371公尺,8000
610,關渡分租雅房出租,雅房 5坪 4F/5F,北投區-知行路260巷,距關渡站508公尺,5500
611,雙雅房(1人用2間:臥室書房)近師大台大,雅房 10坪 4F/4F,大安區-泰順街,距台電大樓站476公尺,9000
612,近微風廣場大安路雙面採光雅房,雅房 7坪 2F/7F,大安區-大安路一段31巷,距忠孝敦化站386公尺,8500
613,免押金4500,雅房 6坪 4F/4F,信義區-永吉路339號,距松山站543公尺,4500
614,"單或雙人房,師大路附近,生活機能佳!",雅房 5坪 1F/4F,大安區-和平東路一段188巷9號,距台電大樓站608公尺,8500
615,4樓5坪的雅房(有陽台)近師大古亭捷運,雅房 4坪 4F/4F,大安區-潮州街82巷,距古亭站299公尺,5100
616,士林夜市雙衛浴12坪大房間,雅房 12坪 4F/5F,士林區-大北路,距士林站376公尺,10500
617,中正雙捷運1分(高樓層絕美無敵景觀)雅房優選好屋,雅房 5坪 11F/12F,中正區-寧波東街,距中正紀念堂站219公尺,5998
618,通風明亮雅房出租,雅房 5坪 2F/4F,萬華區-中華路130巷54號,no info,6500
619,士林夜市安全安靜雅房,雅房 3坪 1F/3F,士林區-文林路114巷11號,距劍潭站470公尺,3800
620,捷運只需步行5分鐘-近中正紀念堂優質環境,雅房 4坪 4F/5F,中正區-羅斯福路一段58巷,距中正紀念堂站243公尺,7500
621,近市府站4號口全新床家具,雅房 5坪 1F/4F,信義區-基隆路一段35巷,距松山站703公尺,7500
622,萬隆捷運雅房(無窗戶四號出口走路五分鐘),雅房 4坪 3F/5F,文山區-羅斯福路五段218巷35號,距萬隆站201公尺,5000
623,師大古亭捷運、超值高品含水電網路、限女性優選好屋,雅房 5坪 1F/5F,大安區-杭州南路二段93巷74號,距古亭站264公尺,8500
624,捷運西門站1號口雅房短租可,雅房 2坪 2F/6F,萬華區-西寧南路213號,距西門站258公尺,6000
625,南港家庭式雅房，清淨生活機能佳,雅房 5.5坪 3F/4F,南港區-興南街116巷19弄3號,no info,5500
626,近內科、港墘捷運站、(含水、電、網路),雅房 4坪 1F/5F,內湖區-內湖路一段629巷,距港墘站195公尺,7000
627,隣近師大夜市台電大樓三軍總院後面靜謐雅房,雅房 6坪 1F/2F,中正區-永春街212巷7號,距台電大樓站623公尺,6000
628,日式星夜雅房,雅房 4坪 2F/4F,中正區-晉江街,距古亭站172公尺,5500
629,*信義區*松山路*分租套房*分租雅房優選好屋,雅房 4坪 3F/4F,信義區-松山路,距永春站377公尺,6000
630,台電大樓4樓雅房,雅房 4.5坪 4F/5F,中正區-汀洲路三段27巷17號,距台電大樓站283公尺,7800
631,＊德明旁溫馨雅房＊包水電＊冷氣度數另計,雅房 4坪 2F/5F,內湖區-內湖路一段91巷35弄75號,距劍南路站717公尺,6500
632,萬華龍山寺捷運站雅房出租,雅房 7坪 5F/5F,萬華區-和平西路三段,距龍山寺站226公尺,6000
633,公園綠地交通便利生活機能優,雅房 8坪 3F/4F,大安區-瑞安街61巷1弄1號,距科技大樓站332公尺,10000
634,近內湖科學園區，聯發科，德明科技大學,雅房 5坪 4F/5F,內湖區-內湖路一段91巷12弄24號,距西湖站510公尺,5000
635,近政大、木柵捷運、有頂好超市（房間最大）優選好屋,雅房 7坪 5F/5F,文山區-木柵路四段159巷162號,距動物園站600公尺,5300
636,近市府捷運優質雅房,雅房 4坪 2F/4F,信義區-松隆路64號,距市政府370公尺,6900
637,"近東湖捷運,分租雅房(限女性)包水電費優選好屋",雅房 6坪 5F/5F,內湖區-五分街17號,距東湖站127公尺,7500
638,全新裝潢雅房,雅房 7坪 5F/5F,士林區-承德路四段6巷,距劍潭站676公尺,8000
639,內湖捷運站附近優選好屋,雅房 3坪 3F/4F,內湖區-金龍路67巷5弄4號,距內湖站277公尺,6500
640,溫馨優雅房_師大附近優選好屋,雅房 6坪 3F/5F,大安區-師大路68巷,距台電大樓站443公尺,8000
641,小資女學生雅房出租獨立儲物間兩間廁所優選好屋,雅房 6坪 3F/4F,大同區-重慶北路三段25巷28號,距大橋頭站202公尺,6000
642,景美捷運一號出口雅房出租優選好屋,雅房 3.8坪 3F/7F,文山區-景文街,距景美站130公尺,4800
643,南港路雅房出租，近昆陽捷運站,雅房 3坪 4F/5F,南港區-南港路三段67巷,距昆陽站534公尺,5800
644,師大台電大樓捷運新裝潢雅房優選好屋,雅房 5坪 5F/5F,大安區-雲和街,距台電大樓站396公尺,8500
645,雅房，近明德捷運站5分鐘,雅房 5坪 2F/4F,北投區-致遠一路一段90巷14號,距明德站279公尺,6300
646,物超所值女性雅房!!,雅房 5坪 5F/5F,內湖區-康寧路三段165巷20號,距東湖站474公尺,5500
647,近士林站大窗陽臺牆隔間含水電瓦斯,雅房 6坪 3F/4F,士林區-中山北路五段699巷,距士林站480公尺,7800
648,"全包冷氣雅房，含公水電光纖網路,限女生.",雅房 6坪 5F/5F,內湖區-內湖路一段91巷,距劍南路站751公尺,7900
649,NTNUShida師大夜市短租公寓超值,雅房 10坪 4F/5F,大安區-泰順街38巷,距台電大樓站492公尺,5500
650,古亭捷運站走路12分鐘，全新裝潢，家具全,雅房 5坪 5F/5F,中正區-重慶南路三段178號,距古亭站736公尺,13000
651,古亭捷運站走路12分鐘，全新裝潢樣品美屋,雅房 3坪 5F/5F,中正區-重慶南路三段,距古亭站736公尺,7500
652,實踐大學騎車2分及大直捷運站步行2分優選好屋,雅房 5坪 3F/5F,中山區-北安路,距大直站49公尺,7200
653,東門捷運站旁永康商圈溫馨雅房出租,雅房 4.5坪 3F/4F,大安區-永康街13巷,距東門站234公尺,10000
654,近華齡街經濟雅房.押金壹個月.附水費收視,雅房 5坪 B1/5F,士林區-華齡街17巷,距劍潭站677公尺,5000
655,★近士林捷運站旁~雅緻文青雅房★,雅房 4坪 3F/3F,士林區-文林路,距士林站442公尺,7500
656,★中山國小捷運站雙城美食街公寓三樓雅房★,雅房 5坪 3F/3F,中山區-雙城街,距中山國小站401公尺,7000
657,★近劍潭百齡國小公寓亮麗大雅房★,雅房 4.5坪 4F/4F,士林區-和豐街33巷,距劍潭站701公尺,6500
658,限女性雅房出租、近師大分部、臺科大、台大,雅房 5坪 4F/4F,文山區-羅斯福路五段,距萬隆站450公尺,6500
659,近南港展覽館捷運站、南軟園區、中研院,雅房 4坪 4F/4F,南港區-富康街,距南港展覽館站101公尺,7500
660,劍潭捷運10分鐘，適上班族學生，有對外窗優選好屋,雅房 5.5坪 4F/4F,士林區-承德路四段58巷,距劍潭站478公尺,8500
661,@西湖站/德明科大/特惠出清雅房優選好屋,雅房 6坪 3F/4F,內湖區-環山路一段,距西湖站535公尺,6500
662,西湖捷運站雅房(限女生)-德明技術學院旁,雅房 5坪 4F/5F,內湖區-環山路一段,距西湖站490公尺,6500
663,松山路精緻雅房,雅房 5坪 4F/4F,松山區-松山路,距松山站95公尺,11900
664,市府*松山站☀️專屬女性雅房☀️包水電優選好屋,雅房 7坪 5F/5F,信義區-松隆路,距市政府620公尺,8500
665,近大直站/實踐大學/內科-分租雅房,雅房 5坪 3F/7F,中山區-北安路,距大直站33公尺,9000
666,套房：捷運大直站+實踐大學+內湖+大陽台,雅房 6.2坪 4F/4F,中山區-北安路573巷,距大直站166公尺,16500
667,實踐兩分鐘限女優選好屋,雅房 5坪 B1/5F,中山區-大直街,距大直站512公尺,7100
668,雙人床質感房@國際交流共生公寓優選好屋,雅房 6坪 2F/4F,文山區-興隆路一段,距萬隆站253公尺,11800
669,新裝潢近捷運西門站東吳大學家樂福交通便利,雅房 6坪 2F/5F,萬華區-貴陽街二段96巷30號,距龍山寺站541公尺,7500
670,內科文德靜巷*生活機能強*共生公寓雅房*優選好屋,雅房 4坪 4F/4F,內湖區-文德路22巷,距文德站563公尺,10500
671,"精緻雅房!老爺,晶華對面中山捷運一分鐘優選好屋",雅房 5坪 4F/5F,中山區-中山北路二段26巷,距中山站195公尺,6900
672,松山捷運站2分鐘舒適大房間,雅房 5坪 5F/5F,松山區-饒河街227號,距松山站260公尺,13500
673,忠孝復興5分/微風廣場/sogo/限女生,雅房 7坪 3F/5F,松山區-復興南路一段,距忠孝復興站450公尺,9500
674,信義區可寵雅房可合租＿火速秒租中,雅房 7坪 4F/4F,信義區-松山路,距松山站391公尺,11900
675,捷運30秒師大精緻雅房B水電網路全包,雅房 10坪 2F/2F,中正區-師大路136號,距台電大樓站226公尺,13000
676,捷運30秒師大精緻雅房C水網路全包,雅房 6坪 2F/2F,中正區-師大路,距台電大樓站226公尺,12000
677,台電大樓站5分鐘陽光舒適雅房限女性,雅房 4坪 5F/5F,大安區-泰順街54巷,距台電大樓站304公尺,7000
678,雅房~全新家俱裝潢，讓你住在市中,雅房 10坪 2F/2F,大同區-昌吉街132巷,距大橋頭站221公尺,6500
679,公館商圈/限男/室友好相處(免仲介費)優選好屋,雅房 4坪 3F/10F,中正區-思源街,距公館站243公尺,11500
680,景興路獨立雅房(適學生、上班族有管理員),雅房 2.5坪 1F/10F,文山區-景興路177巷11號,距景美站622公尺,8000
681,能使精神自然放鬆且寧靜舒適的雅房,雅房 7.1坪 3F/3F,文山區-木柵路一段58巷,no info,8900
682,古亭台電/男性/含水電瓦斯網路/水泥隔間,雅房 5坪 2F/5F,大安區-浦城街16巷,距古亭站469公尺,9000
683,@@新光醫院分租精緻雅房@@,雅房 3.5坪 6F/7F,士林區-美崙街,距芝山站699公尺,13000
684,可以工作室也可以住優選好屋,雅房 12坪 5F/5F,大同區-萬全街40巷,距雙連站74公尺,14000
685,鉑斯國際🏠世新大學🏠花園式精品雅房,雅房 6坪 3F/3F,文山區-木柵路一段58巷,no info,8500
686,"女生雅房,近中國科大/捷運辛亥萬芳醫院站",雅房 4坪 5F/5F,文山區-福興路78巷,距辛亥608公尺,5000
687,昆陽捷運黃金2樓雅房限女性,雅房 7坪 2F/4F,南港區-忠孝東路六段403巷,距昆陽站51公尺,7500
688,王貫英先生紀念圖書館芳鄰,雅房 7坪 4F/4F,中正區-汀州路二段,距古亭站404公尺,10000
689,古亭捷運站漂亮雅房.客廳廚房可使用.限女優選好屋,雅房 6坪 3F/3F,中正區-廈門街81巷,距古亭站337公尺,10000
690,松山永吉靜巷雅房2600,雅房 10坪 3F/3F,信義區-永吉路180巷54弄1234號,距市政府532公尺,2600
691,忠孝敦化，電梯採光雅房，垃圾代收，大空間優選好屋,雅房 6.5坪 2F/7F,大安區-大安路一段31巷,距忠孝敦化站386公尺,9000
692,採光雅房限女一般用電免費,雅房 5坪 5F/5F,大同區-重慶北路二段57巷,距雙連站653公尺,5500
693,捷運五分鐘對外窗,雅房 3坪 2F/2F,信義區-永吉路278巷,距永春站344公尺,6300
694,近萬隆捷運(2人一衛)可短租台大公館優選好屋,雅房 4坪 5F/5F,文山區-興隆路一段181巷,距萬隆站401公尺,4800
695,古亭站，採光佳雅房，地板新貼，床墊新換優選好屋,雅房 6坪 11F/12F,中正區-南昌路二段,距古亭站333公尺,7500
696,AN85師大首選採光好精品雅房超優優選好屋,雅房 2坪 6F/6F,大安區-浦城街13巷,距台電大樓站480公尺,6900
697,AN83大坪數雅房超級優衛浴不需共用,雅房 5坪 5F/6F,大安區-浦城街13巷,距台電大樓站480公尺,11500
698,AN86精選全新裝潢採光超好雅房首選優選好屋,雅房 3坪 6F/6F,大安區-浦城街13巷,距台電大樓站480公尺,7000
699,可短租，近馬偕超方便，有清潔管理服務優選好屋,雅房 5坪 2F/6F,中山區-中山北路二段72巷,距雙連站158公尺,7900
700,東門捷運站旁，可短租可開伙，清潔管理服務優選好屋,雅房 5坪 3F/3F,大安區-金山南路二段,距東門站172公尺,4400
701,近晴光市場花博公園新裝潢飲水機限女性,雅房 4坪 4F/5F,中山區-雙城街49巷,距中山國小站595公尺,6000
702,離萬隆捷運4號出口近1分鐘,雅房 5坪 B1/5F,文山區-羅斯福路五段212巷,距萬隆站253公尺,6500
703,萬全街/全新裝潢/近雙連站/馬偕醫院,雅房 8坪 5F/5F,大同區-萬全街40巷,距雙連站74公尺,14000
704,短租誠品對面近捷運百貨公司旁,雅房 4坪 3F/12F,大安區-安和路一段11號,距忠孝敦化站207公尺,8500
705,短租誠品對面近捷運百貨公司旁,雅房 12坪 3F/12F,大安區-安和路一段11號,距忠孝敦化站207公尺,12000
706,捷運士林站步行3分鐘且公車多(適男生）優選好屋,雅房 6坪 4F/5F,士林區-中正路201巷,距士林站95公尺,6500
707,台師大古亭捷站1分鐘靜巷境優設備全限女生優選好屋,雅房 8坪 1F/4F,大安區-和平東路一段,距古亭站84公尺,9800
708,捷運士林站6坪雅房上下舖單人床,雅房 6坪 2F/4F,士林區-美德街,距士林站362公尺,8000
709,金石名園區域,雅房 6坪 B1/5F,內湖區-星雲街15巷,距內湖站602公尺,6000
710,近雙連站/寧夏夜市/雅房/馬偕,雅房 8坪 5F/5F,大同區-萬全街40巷,距雙連站74公尺,11000
711,💖限女生💖電梯雅房◆學生免仲介費,雅房 5坪 6F/7F,士林區-文林路,距士林站181公尺,8200
712,西湖捷運站5分鐘#近科學園區#生活機能優優選好屋,雅房 5坪 5F/5F,內湖區-內湖路一段323巷,距西湖站86公尺,6500
713,永春站三分鐘有對外窗獨立曬衣可寵雅房LY,雅房 5坪 3F/4F,信義區-虎林街,距永春站166公尺,8999
714,世新政大东南科技台大近学生女生捷运近,雅房 4坪 1F/1F,文山區-景興路275巷,距景美站413公尺,5000
715,優質雅房包管理費水費瓦斯費優選好屋,雅房 6坪 12F/12F,萬華區-武昌街二段,距西門站344公尺,9800
716,中正高中美麗電梯雅房免服務費優選好屋,雅房 4坪 4F/5F,北投區-文林北路234號,距明德站507公尺,6500
717,西門町捷運站5分鐘可炊雅房出租,雅房 3坪 4F/4F,萬華區-康定路25巷36弄2號,距西門站456公尺,7000
718,分租雅房物超所值！優選好屋,雅房 6坪 2F/5F,萬華區-永福街69號,距龍山寺站532公尺,7200
719,景美透天厝雅房優選好屋,雅房 3坪 2F/3F,文山區-景福街,距景美站318公尺,8000
720,後山埤站2分鐘合租式大窗雅房可寵,雅房 4.5坪 3F/5F,信義區-大道路,距後山埤站381公尺,9500
721,安靜、交通方便近捷運、火車站、雅房,雅房 4坪 3F/3F,萬華區-西園路二段52巷,距龍山寺站558公尺,5500
722,東湖面公園雅房採光佳、有冷氣、含水電,雅房 5坪 5F/5F,內湖區-康樂街61巷6號,距東湖站743公尺,7000
723,近明德捷運站.生活機能良好!!,雅房 7坪 4F/4F,北投區-文林北路80巷,距明德站415公尺,7500
724,師大附近雅房,雅房 3坪 4F/4F,大安區-羅斯福路二段117巷,距古亭站328公尺,5800
725,內科園區/超值大雅房～水電全包！乾淨舒適,雅房 5坪 6F/6F,內湖區-瑞光路,距港墘站506公尺,8000
726,古亭站旁電梯雅房,雅房 7坪 11F/12F,中正區-南昌路二段,距古亭站333公尺,7500
727,萬隆2號出口房東在美國便宜租加賴聯絡,雅房 2.5坪 2F/4F,文山區-興隆路一段184巷,距萬隆站366公尺,4000
728,雅房近大橋頭捷運站1號出口~步行5分鐘優選好屋,雅房 7坪 5F/6F,大同區-伊寧街75巷13號,距大橋頭站384公尺,5500
729,士林捷運站邊5分鐘適合東吳學生/上班族,雅房 4.5坪 3F/3F,士林區-中正路,距士林站360公尺,6000
730,近迪化街公園旁,雅房 5坪 4F/4F,大同區-民樂街163號,距大橋頭站642公尺,5000
731,萬芳實習宿舍出租/近捷運/包水電/以日計,雅房 5坪 2F/5F,文山區-興隆路三段123號,距萬芳醫院站65公尺,6000
732,專人收垃圾打掃送網路近捷運站生活機能佳,雅房 3坪 3F/4F,信義區-永吉路,距市政府652公尺,5200
733,專人收收垃圾送網路近捷運站生活機能佳,雅房 3坪 3F/4F,信義區-永吉路,距市政府652公尺,4800
734,電梯無炊冷氣雅房水泥隔間有窗近J萬隆3號,雅房 5坪 2F/7F,文山區-興隆路一段108號,距萬隆站142公尺,6000
735,單身無炊雅房有窗近捷運永春站1號出口,雅房 3坪 4F/4F,信義區-松信路152號,距永春站504公尺,4600
736,單身無炊雅房有對外窗近捷運永春站1號出口,雅房 4坪 4F/4F,信義區-松信路152號,距永春站504公尺,5600
737,公寓一樓單人雅房,雅房 3坪 1F/6F,中山區-大直街9巷,距大直站92公尺,5000
738,便宜雅房!!近文德捷運站!!,雅房 6坪 5F/5F,內湖區-陽光街92巷,距文德站346公尺,6800
739,捷運士林站雅房出租可住2人,雅房 7坪 2F/4F,士林區-美德街,距士林站362公尺,9000
740,捷運士林站雅房出租,雅房 4坪 2F/4F,士林區-美德街,距士林站362公尺,7500
741,雅房分租/歡迎女性/需正當工作/擔保人,雅房 4坪 4F/5F,信義區-永吉路120巷26號,距市政府543公尺,7000
742,近世新台科徵學生雅房限男(可短租),雅房 4坪 1F/4F,文山區-景華街147巷,距景美站754公尺,5500
743,大安區東門捷運站雅房(限女性)優選好屋,雅房 3.8坪 1F/5F,大安區-信義路二段10巷,距東門站397公尺,6600
744,便利單純寧靜CP值高雅房,雅房 5.5坪 4F/4F,大同區-雙連街1巷17號,距雙連站88公尺,5200
745,生活機能最便利雅房無其他費用優選好屋,雅房 3.5坪 4F/4F,大同區-雙連街1巷17號,距雙連站88公尺,4800
746,南港展覽館捷運1分鐘雅房全新傢俱電,雅房 5坪 3F/4F,南港區-富康街53巷,距南港展覽館站273公尺,7800
747,萬隆捷運站雅房,雅房 4坪 2F/4F,文山區-羅斯福路五段,距萬隆站54公尺,7000
748,"雅房出租,居住環境優，西湖寧靜社區",雅房 5坪 6F/12F,內湖區-內湖路一段411巷,距西湖站393公尺,8200
749,家庭式分租雅房-近昆陽捷運站一分鐘,雅房 3坪 5F/5F,南港區-昆陽街,距昆陽站131公尺,11000
750,面公園樹海港墘站737巷_光、亮裝潢雅房優選好屋,雅房 5.8坪 4F/5F,內湖區-內湖路一段737巷,距港墘站250公尺,8000
751,劍潭站3分鐘對外窗包水電雅房(限女性),雅房 3坪 1F/2F,士林區-中山北路五段190巷,距劍潭站239公尺,4500
752,離捷運260公尺，典雅雅房限女生,雅房 4坪 4F/4F,士林區-大東路,距士林站241公尺,7300
753,內湖康樂雅房-生活機能讚優選好屋,雅房 4坪 頂樓加蓋/5F,內湖區-康樂街72巷,距東湖站742公尺,6000
754,師大採光雅房、交通好、環境單純生活機能佳優選好屋,雅房 4.5坪 3F/7F,大安區-龍泉街,距台電大樓站271公尺,10000
755,屋主自租榮星花園旁電梯雙併華廈大雅房分租優選好屋,雅房 6坪 2F/7F,中山區-民族東路410巷,no info,9500
756,花園社區電梯大樓保全限女近士林劍潭捷運,雅房 4坪 11F/12F,士林區-基河路200號,距士林站426公尺,6000
757,西門捷運。小資漂亮雅房優選好屋,雅房 5坪 3F/5F,萬華區-成都路105巷,距西門站431公尺,6000
758,近景美捷運站雅房,雅房 4坪 3F/5F,文山區-景美街,距景美站379公尺,6000
759,學生宿舍，可短租，請電話聯絡不要留言,雅房 5坪 1F/4F,文山區-景明街14巷,距萬隆站236公尺,5000
760,電梯雅房水泥隔間+獨立陽台近市府站1號,雅房 3坪 4F/12F,信義區-基隆路一段127號,距市政府213公尺,5300
761,政大男生雅房，近捷運動園站,雅房 4坪 5F/5F,文山區-秀明路二段,距木柵站751公尺,6500
762,永春捷運美雅房(限女生ˋ有陽台ˋ廚房ˋ),雅房 6坪 4F/4F,信義區-松山路287巷,距永春站346公尺,11000
763,快！新設備/捷運30秒/有廚房烘衣機優選好屋,雅房 8坪 6F/6F,大同區-萬全街40巷,距雙連站74公尺,8000
764,赤峰街好朋友萬全街好生活機能,雅房 10坪 5F/5F,大同區-萬全街40巷,距雙連站74公尺,12000
765,秒殺雅房!!!誠品/新光三越優質地段,雅房 10坪 5F/5F,大同區-萬全街40巷,距雙連站74公尺,13000
766,一樓711半分鐘到捷運全新設備優選好屋,雅房 10坪 6F/6F,大同區-萬全街40巷,距雙連站74公尺,8500
767,電梯華廈新裝潢採光佳境優近捷運站,雅房 5坪 5F/6F,內湖區-成功路四段61巷,距內湖站302公尺,5800
768,師大分部對面,雅房 5坪 2F/4F,文山區-羅斯福路五段95號,距萬隆站450公尺,5800
769,師大雅房分租，交通購物運動生活機能極佳,雅房 6坪 3F/4F,大安區-師大路102巷11號,距台電大樓站263公尺,7000
770,近師大分部-雅房出租,雅房 3坪 1F/4F,文山區-萬盛街82巷,距萬隆站418公尺,5500
771,大安區公寓雅房出租,雅房 3.5坪 4F/5F,大安區-師大路80巷,距台電大樓站404公尺,6835
772,限男性.古亭站台電大樓站.,雅房 4坪 2F/5F,大安區-麗水街,no info,6000
773,絕版精選雅房優選好屋,雅房 5坪 4F/5F,中正區-重慶南路三段74巷15號,no info,5700
774,世新大學旁一樓雅房-租金半年收SY103,雅房 7坪 1F/4F,文山區-試院路154巷,距景美站673公尺,6000
775,世新大學旁一樓雅房-租金半年收SY102,雅房 5坪 1F/4F,文山區-試院路154巷,距景美站673公尺,5500
776,靜巷雅房近劍潭捷運銘傳大學士林校區,雅房 3坪 4F/5F,士林區-承德路四段58巷,距劍潭站404公尺,6000
777,景美捷運高級門禁大樓全新雅房7300,雅房 3.5坪 2F/14F,文山區-景後街122號,距景美站259公尺,7300
778,北門站/近聯合醫院/北車旁/電梯雅房,雅房 4坪 9F/11F,大同區-延平北路一段,距北門站183公尺,12000
779,圓山捷運艾格設計都會雅房優選好屋,雅房 8坪 3F/4F,大同區-民族西路191號,距圓山610公尺,9500
780,"雅房出租限男性近師大,古亭捷運站,安靜單",雅房 4坪 5F/5F,大安區-浦城街16巷,距台電大樓站473公尺,6500
781,精緻陽光雅房/新裝潢,雅房 4坪 5F/5F,萬華區-和平西路三段13巷,距龍山寺站456公尺,5500
782,雙捷運近夜市靜巷雅房,雅房 4坪 5F/5F,士林區-大北路,距士林站392公尺,4500
783,士林捷運站旁雅房出租,雅房 2坪 3F/3F,士林區-中正路223巷,距士林站140公尺,4500
784,士林優質女子雅房,雅房 5坪 2F/3F,士林區-大北路,距士林站411公尺,6700
785,"新北投捷運對面雅房(有冷氣,冰箱,電視)優選好屋",雅房 4坪 5F/5F,北投區-中和街20巷20號,距新北投184公尺,5000
786,富邦人壽大樓後面優選好屋,雅房 2.5坪 4F/4F,松山區-敦化南路一段100巷,距樂炸特區FUNNYFRIEDZONE488公尺,5200
787,復興北路、捷運站旁雅房出租,雅房 7坪 6F/6F,中山區-江寧里380巷,距中山國中站123公尺,6000
788,雙&單人雅房Sharehouse,雅房 2.5坪 3F/5F,內湖區-東湖路113巷,no info,8000
789,雅房出租(限女性)(包水電不含冷氣電費),雅房 4坪 2F/3F,士林區-褔志路3號,距士林站799公尺,5500
790,文德捷運5分鐘雅房可開伙正5樓專人倒垃圾,雅房 7坪 5F/5F,內湖區-文德路,距文德站448公尺,7000
791,萬芳醫院站新裝潢清幽雅房(限女性),雅房 6坪 5F/5F,文山區-興隆路三段185巷,距萬芳醫院站477公尺,7000
792,挑高雅房出租,雅房 4坪 2F/5F,南港區-興南街,距南港站699公尺,8000
793,萬華區青草園公園旁雅房@5500,雅房 5坪 5F/6F,萬華區-西園路二段50巷,距龍山寺站455公尺,6200
794,台師大溫馨雅房,雅房 4坪 8F/14F,大安區-辛亥路一段,距台電大樓站419公尺,8000
795,台師大全新溫州雅房,雅房 4坪 4F/4F,大安區-羅斯福路三段283巷,距台電大樓站228公尺,8500
796,世新大學電梯純女宿舍,雅房 3坪 4F/4F,文山區-試院路154巷,距景美站610公尺,5600
797,西湖捷運站電梯大雅房釋出!優選好屋,雅房 5坪 5F/8F,內湖區-內湖路一段217巷,距西湖站380公尺,10000
798,古亭捷運套雅房(含冷氣水電全)出租限女性優選好屋,雅房 5坪 2F/4F,中正區-汀州路二段206號,距古亭站459公尺,9800
799,內科最便宜港墘站3分鐘實牆大窗省錢限女優選好屋,雅房 3坪 5F/5F,內湖區-港墘路,距港墘站203公尺,5000
800,景美溫馨雅房出租,雅房 4坪 4F/4F,文山區-景興路,距景美站576公尺,8000
801,永吉路200巷寧靜巷內簡約雅房,雅房 3.5坪 3F/5F,信義區-永吉路200巷,距永春站485公尺,5500
802,近美麗華、內科雅房自租,雅房 5坪 3F/7F,內湖區-文湖街21巷,距劍南路站572公尺,7000
803,內湖區行善路電梯大樓雅房出租,雅房 4坪 3F/8F,內湖區-行善路59巷,距松山站760公尺,6000
804,台大公館商圈3間-近公館捷運站優選好屋,雅房 4坪 4F/4F,中正區-汀州路三段104巷69號,距公館站285公尺,6000
805,永春捷運/採光優質雅房/有代收垃圾優選好屋,雅房 6坪 4F/4F,信義區-松信路,no info,7300
806,近饒河街夜市.松山.市府雙捷運.信義商圈優選好屋,雅房 4坪 5F/5F,信義區-基隆路一段35巷5弄36號,距南京三民站712公尺,5500
807,雅房出租劍潭捷運站8分鐘萬坪公園共2房間,雅房 6坪 6F/6F,士林區-華齡街,距劍潭站540公尺,7500
808,一房一廳雅房優選好屋,雅房 7坪 2F/4F,萬華區-漢口街二段83巷10號,距北門站599公尺,12000
809,永春捷運站一樓可當住家兼工作室!,雅房 3坪 1F/5F,信義區-松山路540巷,距永春站395公尺,9000
810,市府捷運2分鐘性別友善共生公寓,雅房 5坪 3F/4F,信義區-基隆路一段147巷,距市政府130公尺,13500
811,"性別＋寵物友善共生公寓,可短租（和室房）",雅房 7坪 2F/4F,南港區-研究院路二段,no info,8000
812,西門町經濟實惠明亮套房，生活機能極佳優選好屋,雅房 8坪 4F/5F,萬華區-峨眉街,距西門站457公尺,10000
813,景美溫馨雅房出租,雅房 3坪 4F/4F,文山區-景興路,距景美站576公尺,7000
814,租金6000元,雅房 4坪 3F/5F,南港區-研究院路一段,距南港展覽館站480公尺,6000
815,走路三分鐘可到捷運站、公園、醫院、市場,雅房 4坪 2F/3F,中山區-民生西路45巷9弄23號,距雙連站175公尺,6000
816,中正區植物園、捷運雅房優選好屋,雅房 7坪 3F/5F,中正區-惠安街21號,no info,6000
817,北漂青年共享公寓1～3個月短租優選好屋,雅房 10坪 3F/4F,信義區-松隆路,距市政府394公尺,4599
818,~內湖站~電梯高樓~含水電瓦斯第四台~,雅房 5坪 11F/15F,內湖區-成功路四段,距內湖站58公尺,8500
819,優質超值!明亮採光!靜謐雅房!!,雅房 4坪 3F/3F,中山區-新生北路一段47巷10號,距松江南京478公尺,8000
820,廈門街優質雅房出租6200近古亭捷運站,雅房 3.5坪 2F/3F,中正區-廈門街,距古亭站597公尺,6200
821,降價!含水電瓦斯水泥隔間雅房出租,雅房 5坪 1F/4F,中正區-金門街,距古亭站556公尺,5000
822,明德捷運雅房優選好屋,雅房 3坪 2F/3F,北投區-文林北路80巷,距明德站388公尺,4800
823,"雅房出租,近世新管理學院",雅房 7坪 4F/5F,文山區-木柵路一段59巷,no info,6000
824,宿舍式雅房月租7000(季租20000),雅房 2坪 3F/4F,萬華區-漢口街二段83巷10號,距北門站599公尺,7000
825,南京三民步行4分鐘,雅房 3坪 4F/4F,松山區-寶清街89巷,距南京三民站491公尺,6000
826,大學城最溫暖的窩優選好屋,雅房 4坪 1F/5F,文山區-萬隆街6號,距萬隆站134公尺,5000
827,實踐大學旁雅房出租限男性,雅房 4坪 5F/6F,中山區-大直街33巷,距大直站265公尺,6000
828,大直捷運站實踐大學雅房出租(限女性),雅房 5坪 3F/4F,中山區-北安路571號,距大直站162公尺,7800
829,"萬芳醫院站旁,雅房一間,限女性",雅房 4坪 3F/4F,文山區-興隆路三段116巷1弄6號,距萬芳醫院站74公尺,5000
830,雅房近捷運劍潭站,雅房 3坪 4F/4F,士林區-承德路四段58巷,距劍潭站390公尺,6300
831,德明，內科最便宜大雅房,雅房 6坪 2F/4F,內湖區-文湖街46號,距西湖站615公尺,5900
832,承德路四段生活便利雅房出租,雅房 4坪 6F/6F,士林區-承德路四段292巷,距劍潭站764公尺,5500
833,公館捷運站旁雅房視野棒,雅房 3坪 8F/12F,中正區-羅斯福路四段50號,距公館站47公尺,9000
834,一間比套房還優的雅房,雅房 4坪 4F/4F,內湖區-內湖路一段,距西湖站223公尺,8000
835,臺北市中正區寧波西街學生雅房優選好屋,雅房 5坪 6F/12F,中正區-寧波西街,距中正紀念堂站455公尺,5400
836,劍潭全新整理分租雅房,雅房 7坪 2F/2F,士林區-通河街1巷4號,距劍潭站482公尺,8000
837,師大雅房美寓限女生,雅房 8坪 1F/5F,大安區-浦城街6巷,距台電大樓站475公尺,9800
838,內湖內科德明實踐學生省錢雅房,雅房 6坪 1F/5F,內湖區-金龍路47巷,距內湖站205公尺,7000
839,古亭站分租雅房【含網路】優選好屋,雅房 2.5坪 2F/2F,中正區-晉江街18巷,距古亭站187公尺,6500
840,近內科西湖捷運站，靜巷雅房,雅房 5坪 3F/5F,內湖區-內湖路一段387巷,距西湖站333公尺,8500
841,雅房出租，限女性,雅房 6坪 3F/3F,士林區-福榮街,距士林站299公尺,6500
842,2樓優質雅房明德捷運3分鐘/生活超便利優選好屋,雅房 4坪 2F/5F,北投區-致遠一路一段46巷,距明德站206公尺,8000
843,捷運芝山站旁適銘傳東吳體院文化學生優選好屋,雅房 4坪 5F/5F,士林區-中山北路五段811巷39號,距芝山站279公尺,5300
844,"有機車位,有前後院,限男",雅房 4坪 1F/5F,大安區-師大路68巷,距台電大樓站453公尺,7500
845,圓山捷運1分鍾精緻雅房,雅房 6坪 2F/2F,大同區-酒泉街10巷,距圓山159公尺,7500
846,鄰近捷運.士林夜市雅房出租限女,雅房 5坪 1F/4F,士林區-大西路,距士林站195公尺,6500
847,松山捷運頂級北歐風商務雅房,雅房 5坪 4F/5F,南港區-南港路三段330巷,距松山站256公尺,10000
848,溫馨美寓雅房優選好屋,雅房 5坪 4F/5F,內湖區-東湖路43巷,距東湖站371公尺,6800
849,仁愛路.金山南路口，雅房含水電,雅房 4坪 5F/5F,中正區-金山南路67巷,距東門站344公尺,5000
850,古亭捷運站靜巷雅房,雅房 3坪 2F/4F,大安區-潮州街60巷,距古亭站346公尺,5000
851,安靜溫馨雅房,雅房 8坪 5F/5F,中正區-廈門街,距古亭站571公尺,6500
852,安靜溫馨雅房,雅房 8坪 5F/5F,中正區-廈門街,距古亭站571公尺,7000
853,分租雅房，環境單純，限單身女性,雅房 5坪 3F/4F,內湖區-麗山街46巷,距港墘站512公尺,8500
854,台大誠品出租雅房,雅房 7坪 6F/6F,大安區-羅斯福路三段333巷,距公館站319公尺,7500
855,石牌捷運全新裝璜雅房出租,雅房 5坪 4F/4F,北投區-西安街一段279號,距明德站295公尺,5600
856,近六張犁捷運站及市場,雅房 4.5坪 3F/7F,信義區-富陽街34號,距六張犁站334公尺,8000
857,"內科，近捷運，雅房，套房,環境單純,",雅房 9坪 5F/5F,內湖區-康寧路一段214巷2號,距內湖站606公尺,6000
858,"師大圖書館旁,幽靜雅房出租",雅房 4坪 2F/5F,大安區-金山南路二段141巷20號,距東門站507公尺,6000
859,士林冷氣雅房環境優雅生活機能佳近芝山捷運優選好屋,雅房 6坪 3F/5F,士林區-中山北路五段,距芝山站413公尺,6200
860,＊全新裝潢一手入住，捷運走路８分鐘＊,雅房 5.6坪 5F/5F,南港區-東新街,距松山站571公尺,11000
861,劍潭捷運福港街美雅房,雅房 7坪 4F/4F,士林區-福港街,距劍潭站740公尺,8000
862,古亭捷運雅房2分鐘到家,雅房 5坪 3F/6F,中正區-晉江街,距古亭站249公尺,8500
863,士林捷運站學生最愛生活機能佳,雅房 5坪 2F/2F,士林區-小北街22巷,距士林站293公尺,5000
864,低層樓回家不累，購物吃飯方便,雅房 5坪 2F/5F,內湖區-內湖路三段89巷,距內湖站439公尺,6000
865,寧安靜巷優質雅房交通便利優選好屋,雅房 5坪 4F/4F,松山區-寧安街5巷,距台北小巨蛋站405公尺,6500
866,"女雅房,近永春捷運公車站,生活機能佳",雅房 2坪 2F/5F,信義區-永吉路278巷,距永春站334公尺,4800
867,近康定路桂林路口稀有邊間1樓有廚房可開伙,雅房 6坪 1F/5F,萬華區-康定路188巷,距龍山寺站464公尺,6500
868,*中國科技大學*校門前*學生潔靜舒適雅房,雅房 4坪 1F/5F,文山區-興隆路三段36巷12號,距萬芳醫院站294公尺,7000
869,專業短租3捷運站中心2樓2間客房,雅房 5坪 2F/3F,大同區-錦西街57號,距大橋頭站421公尺,12000
870,近湖光市場雅房公寓3樓,雅房 3坪 3F/3F,內湖區-康寧路一段86巷,距內湖站486公尺,6500
871,@@近捷運鬧中取靜雅房@@,雅房 5坪 2F/2F,士林區-美崙街8巷,距士林站538公尺,6300
872,西湖超值★近捷運機能超好雅房★,雅房 4坪 5F/5F,內湖區-內湖路一段91巷37弄25號,距劍南路站737公尺,8800
873,東湖捷運站靜巷兩間全新裝潢雅房設備齊全優選好屋,雅房 4坪 5F/5F,內湖區-東湖路113巷95弄158號,距東湖站528公尺,7200
874,舒適雅房出租捷運劍潭站8分鐘近公園,雅房 6坪 6F/6F,士林區-華齡街,距劍潭站540公尺,7500
875,大優惠!超棒公寓就在西門捷運旁優選好屋,雅房 5坪 8F/12F,萬華區-漢中街,距西門站196公尺,6900
876,2樓近台北市西門町疫情減租,雅房 4坪 2F/5F,三重區-集美街,距三重站556公尺,5900
877,近台北橋捷運站5分鐘★女生雅房★全新裝潢優選好屋,雅房 6坪 4F/5F,三重區-中央北路55巷,距台北橋站260公尺,10500
878,"台北橋頭捷運旁雅房最佳首(寬頻,第四台",雅房 5坪 3F/4F,三重區-中央北路18巷,距台北橋站98公尺,5000
879,三重站-鄰近台北車站、西門町,雅房 3.5坪 5F/5F,三重區-重新路四段244巷,距三重站385公尺,5500
880,新電梯大廈，台北醫院，頭前庄捷運站,雅房 7坪 2F/15F,新莊區-復興路二段135號,距頭前庄站605公尺,5800
881,全新裝潢雅房出租(附電子門禁系統)限女性,雅房 5坪 3F/4F,三重區-集美街197號,距菜寮站621公尺,7500
882,正義北路、自強路口、緊鄰三和夜市、麥當勞優選好屋,雅房 4坪 3F/5F,三重區-文化北路132巷,距三重國小站391公尺,5000
883,大對外窗寬敞雅房忠孝橋優選好屋,雅房 4.5坪 3F/5F,三重區-大同南路161巷,距菜寮站684公尺,5500
884,2樓疫情減租近北市西門町,雅房 4坪 2F/5F,三重區-集美街,距三重站556公尺,5500
885,2樓疫情減租近北市西門町,雅房 4坪 2F/5F,三重區-集美街,距三重站556公尺,3900
886,大對外窗寬敞雅房忠孝橋,雅房 4.5坪 3F/5F,三重區-大同南路161巷,距菜寮站684公尺,5500
887,捷運二樓雅房出租,雅房 5坪 2F/4F,三重區-中正北路25巷25弄2號,距菜寮站347公尺,6500
888,女生宿舍月租4200含水電瓦斯,雅房 3.5坪 4F/4F,三重區-文化北路118巷63號,距台北橋站468公尺,4200
889,"便宜的房子分租,有對外窗，限女性三重",雅房 6坪 4F/4F,三重區-中寮街,距菜寮站51公尺,3500
890,熱租捷運站絕佳生活機能雅房(含水電),雅房 4坪 3F/5F,三重區-光興街,距台北橋站453公尺,5000
891,三重溫馨雅房（含水電）,雅房 4坪 4F/5F,三重區-長壽西街,距三重國小站366公尺,6200
892,大對外窗寬敞雅房忠孝橋,雅房 4.5坪 3F/5F,三重區-大同南路161巷,距菜寮站684公尺,5500
893,離北市最近捷運站116公尺，夜市，限女性優選好屋,雅房 5坪 4F/5F,三重區-中央北路,距台北橋站116公尺,4900
894,集美雅房生活交通機能佳水泥隔間,雅房 3.5坪 4F/5F,三重區-集美街126巷,距三重站564公尺,5000
895,全新裝潢舒適雅房，空間寬敞/家具全配優選好屋,雅房 9坪 4F/5F,三重區-龍濱路,距三重國小站486公尺,7800
896,巷口捷運三重國小站，悠遊卡門禁，有緩降機,雅房 5坪 5F/6F,三重區-安樂街,距三重國小站235公尺,3800
897,公寓雅房出租/近捷運公車站/限上班族女性優選好屋,雅房 6坪 5F/5F,三重區-中正北路25巷,距菜寮站380公尺,5500
